USE vk;
-- i. Заполнить все таблицы БД vk данными (по 10-100 записей в каждой таблице)
-- MariaDB dump 10.17  Distrib 10.4.15-MariaDB, for Linux (x86_64)
--
-- Host: mysql.hostinger.ro    Database: u574849695_20
-- ------------------------------------------------------
-- Server version	10.4.15-MariaDB-cll-lve

/*!40101 SET @OLD_CHARACTER_SET_CLIENT=@@CHARACTER_SET_CLIENT */;
/*!40101 SET @OLD_CHARACTER_SET_RESULTS=@@CHARACTER_SET_RESULTS */;
/*!40101 SET @OLD_COLLATION_CONNECTION=@@COLLATION_CONNECTION */;
/*!40101 SET NAMES utf8mb4 */;
/*!40103 SET @OLD_TIME_ZONE=@@TIME_ZONE */;
/*!40103 SET TIME_ZONE='+00:00' */;
/*!40014 SET @OLD_UNIQUE_CHECKS=@@UNIQUE_CHECKS, UNIQUE_CHECKS=0 */;
/*!40014 SET @OLD_FOREIGN_KEY_CHECKS=@@FOREIGN_KEY_CHECKS, FOREIGN_KEY_CHECKS=0 */;
/*!40101 SET @OLD_SQL_MODE=@@SQL_MODE, SQL_MODE='NO_AUTO_VALUE_ON_ZERO' */;
/*!40111 SET @OLD_SQL_NOTES=@@SQL_NOTES, SQL_NOTES=0 */;

--
-- Table structure for table `communities`
--

DROP TABLE IF EXISTS `communities`;
/*!40101 SET @saved_cs_client     = @@character_set_client */;
/*!40101 SET character_set_client = utf8 */;
CREATE TABLE `communities` (
  `id` bigint(20) unsigned NOT NULL AUTO_INCREMENT,
  `name` varchar(150) COLLATE utf8mb4_unicode_ci DEFAULT NULL,
  `admin_user_id` bigint(20) unsigned NOT NULL,
  UNIQUE KEY `id` (`id`),
  KEY `communities_name_idx` (`name`),
  KEY `admin_user_id` (`admin_user_id`),
  CONSTRAINT `communities_ibfk_1` FOREIGN KEY (`admin_user_id`) REFERENCES `users` (`id`)
) ENGINE=InnoDB AUTO_INCREMENT=101 DEFAULT CHARSET=utf8mb4 COLLATE=utf8mb4_unicode_ci;
/*!40101 SET character_set_client = @saved_cs_client */;

--
-- Dumping data for table `communities`
--

LOCK TABLES `communities` WRITE;
/*!40000 ALTER TABLE `communities` DISABLE KEYS */;
INSERT INTO `communities` VALUES (1,'rerum',40),(2,'doloribus',22),(3,'molestiae',15),(4,'aspernatur',37),(5,'et',46),(6,'cupiditate',10),(7,'dignissimos',82),(8,'aut',100),(9,'et',74),(10,'fugit',54),(11,'explicabo',85),(12,'modi',33),(13,'quae',30),(14,'assumenda',100),(15,'cum',72),(16,'sunt',79),(17,'unde',100),(18,'blanditiis',13),(19,'voluptatem',21),(20,'harum',1),(21,'aut',66),(22,'eius',69),(23,'maiores',13),(24,'unde',68),(25,'tempore',77),(26,'animi',51),(27,'omnis',97),(28,'quaerat',20),(29,'aliquid',45),(30,'aut',50),(31,'quas',24),(32,'quo',85),(33,'enim',71),(34,'rerum',39),(35,'rerum',21),(36,'tempore',17),(37,'placeat',48),(38,'itaque',3),(39,'qui',17),(40,'minima',22),(41,'dolorem',57),(42,'unde',1),(43,'sit',55),(44,'omnis',86),(45,'enim',100),(46,'minus',26),(47,'omnis',64),(48,'nihil',100),(49,'eum',38),(50,'iusto',85),(51,'provident',100),(52,'qui',4),(53,'quia',54),(54,'assumenda',13),(55,'distinctio',72),(56,'nobis',31),(57,'quaerat',64),(58,'ut',68),(59,'qui',50),(60,'corrupti',8),(61,'dicta',17),(62,'eos',74),(63,'dicta',92),(64,'tempora',88),(65,'minima',12),(66,'dignissimos',13),(67,'et',4),(68,'deserunt',60),(69,'et',16),(70,'odio',21),(71,'cupiditate',82),(72,'dolor',72),(73,'est',21),(74,'voluptates',36),(75,'est',57),(76,'fuga',21),(77,'sunt',61),(78,'quis',21),(79,'quo',21),(80,'eos',99),(81,'fuga',6),(82,'nobis',20),(83,'incidunt',3),(84,'voluptatem',59),(85,'voluptatum',33),(86,'veniam',74),(87,'sequi',89),(88,'omnis',96),(89,'ipsum',42),(90,'consequuntur',38),(91,'et',4),(92,'illo',59),(93,'et',11),(94,'nisi',96),(95,'et',46),(96,'qui',23),(97,'quisquam',8),(98,'ut',49),(99,'culpa',82),(100,'sapiente',24);
/*!40000 ALTER TABLE `communities` ENABLE KEYS */;
UNLOCK TABLES;

--
-- Table structure for table `friend_requests`
--

DROP TABLE IF EXISTS `friend_requests`;
/*!40101 SET @saved_cs_client     = @@character_set_client */;
/*!40101 SET character_set_client = utf8 */;
CREATE TABLE `friend_requests` (
  `initiator_user_id` bigint(20) unsigned NOT NULL,
  `target_user_id` bigint(20) unsigned NOT NULL,
  `status` enum('requested','approved','declined','unfriended') COLLATE utf8mb4_unicode_ci DEFAULT NULL,
  `requested_at` datetime DEFAULT current_timestamp(),
  `updated_at` datetime DEFAULT NULL ON UPDATE current_timestamp(),
  PRIMARY KEY (`initiator_user_id`,`target_user_id`),
  KEY `target_user_id` (`target_user_id`),
  CONSTRAINT `friend_requests_ibfk_1` FOREIGN KEY (`initiator_user_id`) REFERENCES `users` (`id`),
  CONSTRAINT `friend_requests_ibfk_2` FOREIGN KEY (`target_user_id`) REFERENCES `users` (`id`)
) ENGINE=InnoDB DEFAULT CHARSET=utf8mb4 COLLATE=utf8mb4_unicode_ci;
/*!40101 SET character_set_client = @saved_cs_client */;

--
-- Dumping data for table `friend_requests`
--

LOCK TABLES `friend_requests` WRITE;
/*!40000 ALTER TABLE `friend_requests` DISABLE KEYS */;
INSERT INTO `friend_requests` VALUES (1,21,'requested','2001-04-03 21:08:15','1973-01-27 02:53:17'),(2,87,'requested','1979-01-10 22:00:48','2020-04-15 19:09:38'),(3,23,'unfriended','2012-10-26 03:47:50','1975-07-28 22:17:29'),(4,63,'approved','2007-04-04 14:17:16','1997-07-28 20:13:25'),(5,71,'unfriended','1985-04-29 17:10:54','1995-02-22 03:27:12'),(6,83,'declined','1973-08-24 10:57:37','1991-03-26 01:13:09'),(7,53,'requested','1996-02-19 04:18:11','1996-09-19 21:25:13'),(8,96,'approved','2014-11-20 23:46:16','1972-12-07 07:29:03'),(9,65,'approved','1979-01-04 06:44:45','1982-05-28 23:58:03'),(10,45,'unfriended','2006-10-08 19:36:57','2018-07-01 01:42:50'),(11,78,'declined','1986-09-27 07:39:17','1983-05-01 20:56:24'),(12,37,'unfriended','1978-11-28 14:18:21','2015-10-13 16:22:09'),(13,55,'declined','2004-06-04 06:04:06','2000-09-12 13:41:31'),(14,11,'declined','1974-10-13 03:41:19','1975-02-04 23:05:49'),(15,12,'unfriended','1998-07-11 23:33:19','1990-04-21 16:10:44'),(16,35,'approved','2012-12-06 09:38:54','1988-07-10 15:42:15'),(17,63,'approved','1985-02-17 05:43:46','1979-11-29 13:25:18'),(18,77,'declined','1997-01-15 12:48:14','1992-12-19 20:01:17'),(19,49,'approved','2007-04-22 20:01:01','2020-11-17 05:33:56'),(20,9,'declined','1982-03-11 04:44:22','1976-03-13 22:09:27'),(21,53,'declined','2010-03-21 09:37:26','2016-05-22 14:26:30'),(22,18,'unfriended','2006-05-20 23:06:11','2018-08-10 00:51:39'),(23,60,'approved','1984-11-12 12:31:16','2011-03-01 19:26:11'),(24,6,'requested','1997-09-30 21:41:40','1979-12-15 04:13:32'),(25,3,'requested','2011-06-11 10:41:31','1975-05-01 06:41:30'),(26,86,'unfriended','1986-11-11 15:46:44','1977-12-22 07:28:39'),(27,53,'requested','2010-09-21 14:27:41','1985-11-22 19:18:41'),(28,70,'approved','2015-09-18 06:02:09','2004-04-01 21:35:00'),(29,90,'unfriended','2014-12-22 22:43:08','1990-07-28 12:03:32'),(30,11,'requested','2001-02-07 03:14:06','1979-03-29 12:23:07'),(31,54,'unfriended','1977-11-28 23:05:10','1997-05-09 15:16:30'),(32,10,'requested','1970-05-11 18:36:28','1991-09-05 03:49:41'),(33,98,'unfriended','1980-11-14 06:57:20','1976-11-06 20:45:16'),(34,77,'unfriended','2003-03-20 17:30:43','1992-11-25 16:15:51'),(35,73,'requested','1973-08-09 16:31:56','2004-06-29 19:37:54'),(36,68,'requested','1986-10-19 09:08:01','2017-01-09 03:25:37'),(37,60,'approved','2003-03-25 04:38:22','1981-04-02 17:01:13'),(38,25,'approved','2002-06-12 16:54:25','2013-06-06 15:58:46'),(39,64,'declined','1973-01-10 21:01:46','2000-04-23 23:50:58'),(40,25,'declined','1974-12-15 17:28:24','1980-09-12 07:49:00'),(41,70,'requested','1982-05-04 14:41:04','1988-12-04 04:10:25'),(42,41,'declined','2013-01-13 19:34:45','1993-02-23 13:14:18'),(43,62,'unfriended','1974-01-24 14:10:01','2007-08-05 15:25:48'),(44,24,'requested','1979-12-22 02:39:42','1971-10-01 06:30:28'),(45,51,'approved','2005-12-03 17:41:41','1999-01-02 18:48:14'),(46,73,'declined','1985-07-08 10:19:50','1989-05-16 14:18:16'),(47,58,'unfriended','1982-04-04 22:26:02','2005-05-09 23:45:12'),(48,14,'approved','2015-02-21 11:01:51','2006-11-14 23:42:52'),(49,50,'approved','1987-07-29 05:29:51','2008-12-16 11:41:08'),(50,7,'declined','1987-09-30 07:36:58','1994-12-26 11:20:24'),(51,22,'requested','2015-09-07 22:31:58','2021-01-04 13:31:22'),(52,2,'unfriended','1975-06-11 23:24:22','2009-11-04 10:26:02'),(53,24,'requested','2009-06-30 01:17:20','2015-09-25 09:55:45'),(54,82,'declined','2003-02-02 06:30:35','2006-01-16 19:50:41'),(55,8,'requested','2010-05-08 12:46:58','2010-11-29 11:07:57'),(56,27,'declined','2003-07-14 00:29:00','1973-04-03 03:04:55'),(57,67,'approved','1980-08-09 13:14:19','2015-06-18 22:54:01'),(58,61,'requested','2017-05-10 05:06:08','1991-09-15 11:24:39'),(59,97,'declined','1987-08-11 11:06:42','2004-11-27 16:36:46'),(60,56,'approved','1999-08-26 22:50:01','1977-08-10 21:59:44'),(61,71,'declined','1977-04-12 14:31:52','1979-09-11 11:21:55'),(62,51,'approved','2014-04-04 23:46:41','1981-10-11 17:45:03'),(63,66,'requested','2007-07-06 09:33:35','2012-06-01 16:18:49'),(64,68,'unfriended','1971-08-11 08:05:42','1987-10-30 19:29:13'),(65,28,'approved','1988-01-01 01:01:47','1975-05-28 07:53:55'),(66,38,'declined','2007-12-01 19:50:11','1985-02-25 03:26:13'),(67,36,'approved','2003-06-13 00:49:18','1977-04-25 07:02:10'),(68,87,'requested','2020-04-29 05:08:25','1998-11-05 07:30:19'),(69,63,'unfriended','1974-06-08 15:36:28','2010-04-04 21:43:03'),(70,99,'unfriended','2004-12-13 12:47:18','2013-12-05 03:15:50'),(71,12,'approved','1972-12-30 03:26:33','1998-03-26 03:06:56'),(72,32,'requested','2019-03-31 04:43:48','1982-11-22 13:44:46'),(73,40,'unfriended','2018-08-05 17:50:02','2000-03-10 22:22:13'),(74,73,'requested','1986-07-03 13:06:17','1981-08-17 15:16:06'),(75,55,'declined','1976-01-09 12:30:01','1985-12-17 02:10:32'),(76,90,'approved','2014-01-14 20:39:31','2011-08-21 21:20:13'),(77,46,'unfriended','1979-09-15 16:47:21','1982-06-22 08:35:30'),(78,13,'declined','2000-07-21 17:07:13','2003-11-12 13:17:48'),(79,4,'declined','2001-01-27 03:08:41','2016-12-23 06:25:17'),(80,95,'declined','2014-01-27 18:49:15','1981-08-08 07:10:55'),(81,19,'requested','2000-11-10 01:46:42','2006-07-29 11:49:01'),(82,25,'unfriended','2012-12-23 03:31:46','2006-06-24 09:15:17'),(83,97,'declined','2002-11-25 16:54:50','1987-12-30 09:22:51'),(84,43,'approved','2003-11-24 17:53:02','2015-06-01 18:47:00'),(85,7,'unfriended','2000-09-04 14:05:30','1999-11-02 02:03:15'),(86,4,'approved','2007-11-17 21:43:27','2020-11-21 01:20:01'),(87,70,'requested','1973-05-08 11:21:54','1986-03-13 15:06:11'),(88,73,'unfriended','2012-07-05 16:33:36','1995-07-12 11:44:32'),(89,64,'requested','1979-01-27 16:42:25','2020-09-19 21:53:52'),(90,66,'requested','2017-07-19 07:07:39','2010-10-12 06:41:23'),(91,29,'requested','1974-04-01 15:21:27','1973-05-16 21:52:16'),(92,35,'requested','1989-12-17 22:11:32','2000-02-15 05:36:24'),(93,16,'requested','1983-02-28 14:33:27','1978-11-05 06:08:22'),(94,95,'declined','1980-01-09 04:52:48','1987-08-21 17:24:05'),(95,2,'declined','1974-06-10 13:31:13','2017-11-01 10:52:50'),(96,43,'declined','2005-08-03 12:16:00','1993-10-27 04:52:55'),(97,33,'approved','2009-01-20 05:18:39','1971-11-12 02:21:43'),(98,38,'unfriended','2008-09-09 09:37:00','1995-07-31 01:22:37'),(99,30,'requested','2013-12-09 20:02:04','1970-06-03 10:21:49'),(100,95,'requested','2018-09-23 00:35:11','1995-05-05 23:41:01');
/*!40000 ALTER TABLE `friend_requests` ENABLE KEYS */;
UNLOCK TABLES;

--
-- Table structure for table `likes`
--

DROP TABLE IF EXISTS `likes`;
/*!40101 SET @saved_cs_client     = @@character_set_client */;
/*!40101 SET character_set_client = utf8 */;
CREATE TABLE `likes` (
  `id` bigint(20) unsigned NOT NULL AUTO_INCREMENT,
  `user_id` bigint(20) unsigned NOT NULL,
  `media_id` bigint(20) unsigned NOT NULL,
  `created_at` datetime DEFAULT current_timestamp(),
  UNIQUE KEY `id` (`id`)
) ENGINE=InnoDB AUTO_INCREMENT=101 DEFAULT CHARSET=utf8mb4 COLLATE=utf8mb4_unicode_ci;
/*!40101 SET character_set_client = @saved_cs_client */;

--
-- Dumping data for table `likes`
--

LOCK TABLES `likes` WRITE;
/*!40000 ALTER TABLE `likes` DISABLE KEYS */;
INSERT INTO `likes` VALUES (1,1,2,'2018-08-12 04:25:00'),(2,2,37,'1994-01-20 11:38:42'),(3,3,93,'2015-10-10 12:10:34'),(4,4,25,'1989-05-31 20:03:44'),(5,5,97,'2013-07-19 12:53:06'),(6,6,47,'2019-02-28 02:20:31'),(7,7,100,'2004-03-31 12:42:23'),(8,8,80,'1979-06-06 13:33:47'),(9,9,98,'2018-02-19 20:39:41'),(10,10,94,'2013-02-07 13:13:34'),(11,11,95,'1992-01-19 06:09:08'),(12,12,68,'2005-06-28 16:22:29'),(13,13,12,'2010-06-11 04:00:48'),(14,14,56,'1995-07-26 03:00:06'),(15,15,94,'2019-03-30 01:11:30'),(16,16,57,'1972-02-02 16:01:54'),(17,17,72,'2012-02-22 07:53:14'),(18,18,63,'1994-11-06 07:26:20'),(19,19,16,'2013-07-18 20:13:33'),(20,20,73,'1984-09-19 10:04:13'),(21,21,79,'2018-08-01 23:17:09'),(22,22,80,'2005-07-19 05:22:59'),(23,23,63,'1995-10-04 13:32:10'),(24,24,59,'2013-08-26 17:24:13'),(25,25,81,'1989-05-04 18:35:58'),(26,26,7,'1971-02-01 10:18:52'),(27,27,25,'1992-12-08 23:14:43'),(28,28,55,'1998-03-06 22:25:35'),(29,29,30,'2003-05-24 15:45:40'),(30,30,12,'2018-01-07 12:13:30'),(31,31,71,'1972-06-16 04:43:31'),(32,32,32,'2009-03-14 19:27:27'),(33,33,49,'2002-09-27 08:24:11'),(34,34,63,'2002-04-13 15:28:50'),(35,35,56,'1983-02-21 10:58:24'),(36,36,45,'1986-12-11 07:10:50'),(37,37,10,'2006-01-18 05:02:42'),(38,38,56,'1983-10-27 11:52:04'),(39,39,24,'2006-01-25 14:10:23'),(40,40,7,'1984-01-14 14:18:24'),(41,41,49,'1980-01-24 14:46:26'),(42,42,18,'2014-06-02 02:37:47'),(43,43,75,'1992-10-23 19:38:54'),(44,44,61,'1986-02-05 06:39:03'),(45,45,74,'1998-04-14 04:32:22'),(46,46,68,'1993-11-01 21:33:56'),(47,47,17,'1976-11-25 11:29:33'),(48,48,46,'2004-10-25 11:19:03'),(49,49,30,'2001-03-07 01:26:21'),(50,50,33,'2010-09-02 08:54:06'),(51,51,18,'2008-11-12 22:59:44'),(52,52,9,'2001-01-07 15:58:37'),(53,53,12,'2019-03-25 02:50:33'),(54,54,81,'1986-07-26 19:15:22'),(55,55,68,'2005-02-15 09:02:59'),(56,56,92,'1971-06-19 01:53:21'),(57,57,88,'1984-06-25 12:01:52'),(58,58,92,'1986-10-19 02:57:40'),(59,59,46,'2000-10-20 16:52:10'),(60,60,18,'2015-03-04 14:25:29'),(61,61,4,'2019-06-28 20:58:08'),(62,62,17,'2001-12-21 08:14:49'),(63,63,49,'1991-01-10 19:24:53'),(64,64,53,'2015-08-04 09:36:46'),(65,65,80,'1998-05-18 20:26:44'),(66,66,4,'2007-11-15 09:20:20'),(67,67,97,'1994-10-13 06:32:30'),(68,68,89,'1998-09-22 02:56:00'),(69,69,59,'2003-04-03 19:59:44'),(70,70,21,'1990-01-15 12:23:47'),(71,71,96,'1973-02-16 00:32:53'),(72,72,8,'2021-02-27 22:22:11'),(73,73,38,'1979-01-06 19:08:32'),(74,74,70,'2013-01-06 13:53:56'),(75,75,68,'2015-11-29 17:43:08'),(76,76,12,'2000-04-23 09:45:22'),(77,77,38,'2009-06-29 22:06:09'),(78,78,85,'1975-02-27 19:38:36'),(79,79,57,'2004-03-08 20:50:32'),(80,80,67,'1976-07-24 05:46:22'),(81,81,17,'2008-09-09 03:12:20'),(82,82,74,'1986-06-13 13:15:45'),(83,83,76,'1992-11-08 06:17:06'),(84,84,29,'1982-01-18 20:40:55'),(85,85,54,'2018-09-02 06:37:45'),(86,86,43,'2020-01-26 13:27:11'),(87,87,21,'2008-07-29 17:05:12'),(88,88,42,'2006-04-04 16:38:59'),(89,89,35,'2013-05-10 04:27:21'),(90,90,66,'1996-01-28 18:35:11'),(91,91,59,'1988-10-06 17:58:04'),(92,92,39,'1974-10-07 16:03:24'),(93,93,83,'2002-09-03 10:04:38'),(94,94,7,'1979-09-22 23:53:37'),(95,95,91,'2001-01-15 16:57:23'),(96,96,62,'1970-02-09 14:10:22'),(97,97,11,'1987-01-27 17:09:35'),(98,98,87,'1972-04-17 01:33:04'),(99,99,51,'1986-12-15 10:05:39'),(100,100,70,'2015-01-29 11:46:26');
/*!40000 ALTER TABLE `likes` ENABLE KEYS */;
UNLOCK TABLES;

--
-- Table structure for table `media`
--

DROP TABLE IF EXISTS `media`;
/*!40101 SET @saved_cs_client     = @@character_set_client */;
/*!40101 SET character_set_client = utf8 */;
CREATE TABLE `media` (
  `id` bigint(20) unsigned NOT NULL AUTO_INCREMENT,
  `media_type_id` bigint(20) unsigned NOT NULL,
  `user_id` bigint(20) unsigned NOT NULL,
  `body` text COLLATE utf8mb4_unicode_ci DEFAULT NULL,
  `filename` varchar(255) COLLATE utf8mb4_unicode_ci DEFAULT NULL,
  `size` int(11) DEFAULT NULL,
  `metadata` longtext CHARACTER SET utf8mb4 COLLATE utf8mb4_bin DEFAULT NULL CHECK (json_valid(`metadata`)),
  `created_at` datetime DEFAULT current_timestamp(),
  `updated_at` datetime DEFAULT NULL ON UPDATE current_timestamp(),
  UNIQUE KEY `id` (`id`),
  KEY `user_id` (`user_id`),
  KEY `media_type_id` (`media_type_id`),
  CONSTRAINT `media_ibfk_1` FOREIGN KEY (`user_id`) REFERENCES `users` (`id`),
  CONSTRAINT `media_ibfk_2` FOREIGN KEY (`media_type_id`) REFERENCES `media_types` (`id`)
) ENGINE=InnoDB AUTO_INCREMENT=101 DEFAULT CHARSET=utf8mb4 COLLATE=utf8mb4_unicode_ci;
/*!40101 SET character_set_client = @saved_cs_client */;

--
-- Dumping data for table `media`
--

LOCK TABLES `media` WRITE;
/*!40000 ALTER TABLE `media` DISABLE KEYS */;
INSERT INTO `media` VALUES (1,1,1,'Eius iusto ut aut laborum. Consequatur aut beatae ipsum et pariatur.','quia',575,NULL,'2006-03-19 01:11:23','2010-07-04 05:41:26'),(2,2,2,'Iusto neque dolorem qui et porro blanditiis. Voluptatem officia ea aliquid cupiditate itaque facilis. Blanditiis id voluptatem suscipit dolores dolor quia facilis et. Quia nostrum aut alias et quidem reprehenderit qui.','quis',906,NULL,'2001-04-24 23:46:06','1998-09-30 07:19:03'),(3,3,3,'Minima culpa veritatis sunt aliquid tempore. Et consequuntur ratione tenetur voluptas voluptates assumenda. Laudantium itaque ratione deserunt occaecati architecto tempora in.','eum',51391436,NULL,'1998-08-25 22:33:55','2021-03-02 07:31:06'),(4,4,4,'Quia praesentium placeat sapiente impedit. Ut excepturi debitis ut et quis optio. Sed qui quo blanditiis quis dolor.','at',2152852,NULL,'2007-07-20 11:10:34','1999-12-29 09:57:56'),(5,5,5,'Consequatur neque molestiae occaecati qui velit est. Blanditiis et et quibusdam quod. Aut et qui laudantium voluptatibus atque totam. Id iure autem commodi quod.','quia',787,NULL,'1982-05-17 20:26:57','1991-11-21 08:13:31'),(6,6,6,'Ullam non maiores optio. Et sed delectus eligendi aliquid cupiditate. Non fuga esse molestiae ut dicta. Sed at et et odio esse consequatur vero maxime.','aut',3312473,NULL,'1998-12-11 02:31:01','2003-12-25 01:09:02'),(7,7,7,'Qui amet culpa aut cupiditate. Est beatae molestiae ea asperiores iste. Quibusdam itaque est nisi consectetur aut quasi enim dolorem. Autem voluptate harum omnis aliquam tenetur sapiente quasi quasi.','sequi',294036,NULL,'1992-11-25 18:01:12','2008-12-27 08:43:09'),(8,8,8,'Molestiae non omnis vero repudiandae. Ea pariatur aliquid molestias et. Animi consectetur tenetur totam eius ipsa non voluptates. Modi sed ratione sit fugit.','odit',8634252,NULL,'2009-06-07 10:41:48','2009-04-12 04:00:55'),(9,9,9,'Voluptate omnis et velit et et. Est necessitatibus quaerat tempore qui ab. Aut expedita sed id similique blanditiis deleniti voluptatem.','id',246246,NULL,'2019-06-17 14:21:08','2005-08-19 19:16:24'),(10,10,10,'Maxime ducimus voluptas sunt quibusdam laboriosam excepturi omnis dolorum. Quasi consequatur quos totam inventore non dolorem esse. Deleniti qui ut non a. Est ut ut molestiae voluptatem eveniet sed.','eos',74,NULL,'1981-10-22 23:56:13','1974-12-29 22:23:25'),(11,11,11,'Animi molestias qui in odit earum voluptatem ut. Odit qui quia unde expedita impedit. Placeat laboriosam animi libero quisquam.','aut',88555,NULL,'2020-09-30 21:04:50','1970-10-30 21:43:02'),(12,12,12,'Quia similique rem consequatur ex. Tempora quas ullam et deleniti sint. Sed et incidunt vel voluptatem rem. Nesciunt enim quas officia pariatur. Voluptatem deleniti eum qui.','impedit',747,NULL,'2001-02-03 01:41:26','2002-08-14 04:26:06'),(13,13,13,'Repellat doloribus unde eos eius nam aut nam. Doloremque incidunt nobis enim autem. Sapiente temporibus consectetur architecto totam et iste eaque. Ducimus sit quia nisi consequatur veniam.','eius',29,NULL,'2013-05-01 19:23:15','2007-08-13 23:06:52'),(14,14,14,'Qui et vero aspernatur quis. Veritatis atque et et laudantium autem. Aspernatur earum vero nesciunt reiciendis pariatur accusamus illum. Est est hic corrupti.','placeat',106,NULL,'2000-07-18 08:26:20','1976-04-06 12:59:49'),(15,15,15,'Assumenda quia vel distinctio distinctio quisquam ipsam eos. Libero itaque atque voluptates nesciunt velit odit saepe. Facere porro sequi inventore sed.','ut',976,NULL,'2010-09-10 11:24:24','2006-01-29 14:18:46'),(16,16,16,'Nulla omnis sunt perspiciatis alias accusantium. Rerum error dignissimos eos dolore temporibus aliquam. Est qui optio autem. Quia tempore nisi quasi adipisci possimus perspiciatis quam. Facilis tempore ad et voluptatibus veniam facilis.','est',49871955,NULL,'1997-09-18 05:19:19','1991-05-23 20:22:41'),(17,17,17,'Eligendi facere a natus suscipit ratione et neque. Eum omnis laborum voluptatem provident. Repellendus necessitatibus sed et dolores possimus est maiores ratione.','distinctio',32939443,NULL,'2019-12-11 08:24:59','2003-02-16 09:54:44'),(18,18,18,'Eveniet provident pariatur quod hic voluptatem et aperiam. Et aliquid sint quibusdam fuga amet ipsa. Quidem voluptas ipsam odio quas eveniet.','omnis',290759181,NULL,'2004-07-22 10:47:07','2002-05-01 04:07:09'),(19,19,19,'Consequatur sed dolor aliquid sed itaque non. Nihil dolorem non ipsam sapiente est laudantium magnam.','modi',80323026,NULL,'1988-11-21 16:57:00','2020-07-28 03:44:30'),(20,20,20,'Pariatur vitae quae sequi impedit quibusdam. Repellendus cupiditate odio cupiditate ab sapiente provident et porro. Harum quibusdam maiores magni odio quis quo repellat.','ab',6267219,NULL,'1976-07-24 20:09:50','2011-06-26 03:26:28'),(21,21,21,'Qui enim velit id fugit. Est eum ut in quidem ea et. Necessitatibus aspernatur praesentium maxime minus voluptas expedita quia fugit.','blanditiis',46820985,NULL,'1970-08-13 15:59:39','1975-12-14 11:35:41'),(22,22,22,'Illum consectetur voluptatum quasi cumque aliquam explicabo vel illum. Facilis maxime voluptatibus quas nam eligendi in quaerat dolores. Rerum quia consequuntur ut error labore vel voluptatum fugit.','est',92,NULL,'2007-02-05 17:55:11','2005-10-29 00:52:40'),(23,23,23,'Vel omnis ut voluptatem ipsa harum est tempore. Inventore sit laborum totam ipsam architecto. Et doloremque aperiam explicabo nemo necessitatibus necessitatibus. Minus officiis voluptate eum dolor saepe.','id',82617,NULL,'2018-09-15 05:14:33','1977-12-31 09:47:19'),(24,24,24,'Debitis culpa sit laboriosam deserunt molestias quis et. Exercitationem nihil molestiae qui totam eius doloremque.','ducimus',300729,NULL,'1981-12-29 10:22:02','2003-05-17 06:19:51'),(25,25,25,'Dolores ut saepe est unde. Sunt fuga optio voluptatibus quia. Ut fugit maxime architecto sunt voluptatem nihil. Accusantium odio nemo sed illum qui libero tempora earum.','esse',7605,NULL,'1988-12-28 05:46:39','2016-06-10 11:34:46'),(26,26,26,'Reiciendis deleniti rerum ab. Alias ut dicta amet iusto rerum tempore exercitationem illo. Nobis vero ipsam facere eligendi repudiandae. Laudantium id explicabo illum molestiae voluptas.','molestiae',5047,NULL,'2000-11-13 17:48:12','1981-08-06 10:49:10'),(27,27,27,'Est non consequatur quod in est dolorum praesentium. Maiores magnam earum laboriosam iure cum a. Nostrum in sit laborum libero. Quaerat dolorem et quis.','in',327556822,NULL,'2015-03-13 17:13:20','1982-12-03 08:07:07'),(28,28,28,'Amet est id maxime ut aut quidem hic. Nobis ut cumque dolorem ut. Soluta incidunt aliquam asperiores eum nihil pariatur. Enim autem est magni ea veritatis quo.','ea',9,NULL,'2006-06-10 11:10:53','1990-10-24 15:45:57'),(29,29,29,'Sunt minus enim sit debitis explicabo. Consequatur et sint et corrupti doloremque rem sint. Autem nemo sit molestias est. Ea voluptas eos tempore officia et.','sunt',316560362,NULL,'1989-09-20 22:47:54','2004-01-01 06:30:13'),(30,30,30,'Alias et ad quam accusantium voluptatem. Dignissimos sed fuga doloribus tempora. Repellat temporibus pariatur eos magnam qui quis est.','reiciendis',3862,NULL,'1990-07-06 04:06:27','2005-01-21 03:02:29'),(31,31,31,'Vel laborum quaerat aut et quas odio. Sequi ipsa ullam omnis. Rerum quas quis atque.','tenetur',229338129,NULL,'1978-01-18 07:00:31','2003-04-02 06:18:23'),(32,32,32,'Ut repellendus enim dicta et velit beatae. Sed consequatur optio enim omnis voluptatem. Consequuntur numquam nisi delectus fugit harum rem distinctio sunt.','et',75,NULL,'2007-06-23 03:27:17','1972-12-23 04:19:56'),(33,33,33,'Nemo deserunt aspernatur inventore et ut qui ut. Praesentium nihil quod consequuntur esse doloribus. Placeat est consequuntur ea laboriosam deserunt.','maxime',9,NULL,'1972-07-18 14:12:48','2016-06-14 11:05:23'),(34,34,34,'Eius incidunt error voluptatem distinctio. Laudantium perferendis velit architecto possimus cum recusandae repellat. Minima quia facilis nesciunt quasi exercitationem.','labore',8804023,NULL,'1985-01-24 10:34:39','2000-03-07 03:02:55'),(35,35,35,'Labore velit quae tenetur. Harum et aut voluptates aliquam et sint. Recusandae dolorem delectus quo corporis debitis omnis est.','magni',6,NULL,'2005-12-01 04:11:21','2011-10-12 03:29:20'),(36,36,36,'Minus enim placeat quis et incidunt voluptates minima. Quas hic cumque minima. Et aut quidem inventore autem nam quos. Inventore et veritatis provident earum.','corrupti',423089,NULL,'1993-06-16 07:48:18','1984-11-28 20:02:26'),(37,37,37,'Quos quia eum eum ut et. Odio qui delectus repudiandae ut. Veritatis earum magnam non tempore. Nobis cumque et recusandae exercitationem voluptas facere voluptates pariatur.','totam',699857298,NULL,'1993-12-13 18:30:53','1970-06-01 07:00:06'),(38,38,38,'Atque perferendis reiciendis magnam in. Iste deleniti itaque ea debitis alias facilis. Rerum quisquam libero eligendi et. Aut dolores dolor quis quo natus et corrupti.','veniam',992039,NULL,'2013-04-03 09:05:14','2021-02-18 06:19:22'),(39,39,39,'Dolores id quidem sed nisi dolor rem. Illo minus sint vero. Earum quisquam sequi voluptatibus. Enim dicta velit eius dolorum.','at',719255,NULL,'2003-07-23 10:51:02','1987-05-04 03:34:48'),(40,40,40,'Vel quos voluptates aliquid vel harum. Repudiandae exercitationem eum libero expedita necessitatibus modi omnis. Pariatur excepturi quisquam laudantium quo aliquid in.','amet',29,NULL,'2019-08-06 08:29:22','2015-10-09 04:52:17'),(41,41,41,'Dolorem sapiente deserunt nemo enim minima eum esse. Sapiente repellendus molestias non necessitatibus in officia. Fuga animi alias omnis eum.','in',77227159,NULL,'2020-05-20 00:36:44','1997-12-07 19:11:31'),(42,42,42,'Unde voluptate rerum sed ab veritatis laborum est dolorum. Delectus enim mollitia asperiores. Eos dolores dignissimos et omnis quas. Quas ab non cupiditate odit.','et',7,NULL,'2000-01-27 01:10:57','1984-06-12 22:26:56'),(43,43,43,'Quae et cum ducimus qui omnis. Labore enim quia magnam et mollitia cupiditate et et. Qui ipsum reiciendis soluta eos adipisci quis ullam. Dolores vero consequatur voluptatibus amet quo sapiente.','eum',82944,NULL,'2001-09-21 10:33:31','1980-12-23 00:34:57'),(44,44,44,'Aliquid in aut illum itaque suscipit incidunt ducimus. Id dolores nostrum voluptas et ut sunt. Aperiam rerum repellendus ea quo.','pariatur',71730,NULL,'2002-01-29 12:13:37','2002-11-08 16:50:47'),(45,45,45,'Nemo nesciunt temporibus voluptatem consectetur. Voluptatem doloremque nihil suscipit maxime harum officiis maxime.','consequatur',515,NULL,'2008-03-11 21:22:24','2016-04-26 16:00:49'),(46,46,46,'Beatae asperiores quidem consequatur. Quae autem aperiam labore illum autem. Aut quas necessitatibus consequatur illo rerum nobis exercitationem et.','nostrum',48612453,NULL,'2016-05-31 04:08:10','2003-10-20 18:21:26'),(47,47,47,'Nobis cupiditate voluptatum cum nemo. Error rerum vitae molestiae harum qui libero. In sed ut sed animi. Quia molestiae maxime hic expedita velit vel rem.','non',49,NULL,'1973-09-03 19:06:23','1993-12-31 06:07:39'),(48,48,48,'Est quam incidunt modi qui quia. Ut et sed et iusto mollitia quam. Omnis eaque quidem placeat.','quia',55593738,NULL,'2017-05-18 10:54:46','2011-10-31 12:24:45'),(49,49,49,'Omnis est amet ut ea eius. Est et voluptatem magni. Eos ullam a illum error dolor eum. Sequi qui officia quia. Aliquam rem neque sit officiis.','fugit',99733350,NULL,'2020-07-31 07:37:20','1991-09-16 02:22:03'),(50,50,50,'Enim sed ullam possimus vel fugiat accusamus minima nihil. Ut fugiat est ipsam asperiores hic saepe et repellat. Id porro voluptatum ut dolorem sequi nostrum hic.','dolores',1499003,NULL,'1996-08-03 13:02:46','2007-02-02 19:20:26'),(51,51,51,'Et incidunt ut quae. Quas consequuntur consequatur voluptatem sint sapiente ea. Ullam repellat quae ullam magni aut eum. Est doloribus quibusdam alias quia dolorum nihil. Quo sed ullam laboriosam et quaerat.','dolor',74,NULL,'1998-12-09 04:53:36','2017-12-26 18:30:21'),(52,52,52,'Magnam quisquam et culpa voluptatem. Autem tenetur quos voluptatibus qui velit aut dolorum. Reiciendis illo repellat esse. Rerum pariatur quae provident maiores incidunt.','occaecati',3025,NULL,'1971-05-27 18:27:48','1972-05-31 08:17:50'),(53,53,53,'Vel quia maxime accusamus minus quam et. Vel laudantium repudiandae magni exercitationem cupiditate autem voluptatem. Et quis adipisci hic fuga. Tempore qui quibusdam libero alias beatae laudantium commodi fuga.','exercitationem',67845181,NULL,'2004-09-13 05:15:08','2000-04-23 13:20:13'),(54,54,54,'Aperiam deserunt est velit modi. Molestiae expedita distinctio sint labore eius. Deserunt animi asperiores dolorem aliquam et est tempora. Quis velit assumenda pariatur aut accusantium voluptate.','quisquam',1824,NULL,'2011-02-26 16:34:30','1985-12-02 12:31:32'),(55,55,55,'Ducimus velit et molestias ut saepe qui quas. Ad consequatur vel quidem provident eum laudantium. Tenetur non et omnis sunt aspernatur. Ea autem cumque laborum ut et autem sint optio.','in',12,NULL,'1977-02-25 12:05:56','1974-08-28 19:42:33'),(56,56,56,'Perspiciatis eos eum ea porro nobis facilis consequatur. Ut tempore magni alias doloribus vero dolorem sint sequi. Saepe accusamus perspiciatis nobis repudiandae sapiente.','delectus',5,NULL,'2014-01-22 08:16:56','1975-02-17 23:45:34'),(57,57,57,'Doloremque similique neque perferendis est velit. Eum perspiciatis harum explicabo id ipsam numquam. Repellendus dolores aut non. Molestias dicta officia dolor explicabo officia qui.','totam',0,NULL,'1971-11-13 01:24:01','1972-12-16 22:51:34'),(58,58,58,'Aut libero eveniet aut pariatur. At sint qui error vel. Impedit dolorum necessitatibus quis neque quam. Dolorem perferendis reprehenderit reprehenderit amet odio enim et.','at',674,NULL,'2014-10-29 03:37:41','1973-10-14 22:31:53'),(59,59,59,'Et in qui voluptatem vero est. Et nostrum rerum inventore corporis. Explicabo vel quas dolorem aperiam ut voluptate.','eaque',167002651,NULL,'1997-01-09 03:07:39','1990-09-27 15:57:06'),(60,60,60,'Doloremque non ex error consectetur. Sed sunt excepturi officiis praesentium enim modi. Autem iusto quia et et dolores voluptas quibusdam.','sint',1790,NULL,'1975-04-21 19:24:33','1977-02-18 12:15:57'),(61,61,61,'Accusantium sed fugiat vitae assumenda autem facere. Voluptatem dolor nihil dolorem ipsa suscipit. Accusamus similique totam doloremque non repellendus aut.','id',0,NULL,'2020-11-03 20:32:09','2017-07-13 19:09:24'),(62,62,62,'Sit est ab perspiciatis nisi unde aut aut. Tenetur non eveniet aut sequi ea. Consequuntur eveniet et ex beatae et.','quo',0,NULL,'1984-08-26 14:21:41','2020-02-22 20:15:41'),(63,63,63,'Aut quia sit iure id et et non adipisci. Autem delectus mollitia minus doloremque eaque ea. Nostrum doloribus quos nihil. At et dolorem enim et nihil voluptatibus.','nostrum',30,NULL,'1984-04-17 00:00:15','1990-04-23 00:08:04'),(64,64,64,'Quaerat odit doloribus architecto et ipsum velit. Et fuga repellendus ut dolorem quam debitis qui. Excepturi cupiditate omnis vel libero. Magni ex voluptates sed.','odit',975,NULL,'1992-01-04 02:24:31','2008-01-02 10:13:50'),(65,65,65,'Delectus non sunt impedit. Et ut architecto omnis sint sint earum. Ipsam assumenda quia velit officia deleniti et iusto.','optio',5,NULL,'1973-07-13 13:27:00','1972-03-24 01:19:28'),(66,66,66,'Dolor atque rerum odit qui earum eum. Occaecati et quae dolorem dignissimos. Ex ut dolore itaque consequuntur. Nesciunt temporibus eum velit optio facilis repellendus.','eveniet',246161,NULL,'1973-10-31 11:11:34','1995-03-14 03:16:22'),(67,67,67,'Et ipsum neque non fugiat quia molestiae unde. Rerum et explicabo inventore ad minima non excepturi. Rerum quia doloremque ratione repudiandae quis.','dolor',8,NULL,'1977-07-15 09:33:00','1972-01-02 23:11:30'),(68,68,68,'Itaque aut et nesciunt suscipit vel cupiditate occaecati. Vitae dolor possimus sit quis id fugiat. Dolore est architecto tempora quia. Et quam illum nisi.','consequatur',30,NULL,'2015-04-08 20:08:39','2014-06-30 21:52:06'),(69,69,69,'Ex porro enim tenetur assumenda. Ea distinctio adipisci dolor et aut animi. Qui aut possimus qui quia ipsa tempora. Enim neque maiores reprehenderit enim.','aut',4306037,NULL,'1973-10-23 16:16:11','1990-09-08 16:59:05'),(70,70,70,'Ea et nostrum iusto aut molestiae. Esse soluta omnis eum provident corporis temporibus. Sint facilis facilis dolorem dolores. Laborum in rerum voluptatem fuga distinctio.','aut',5937273,NULL,'1976-03-11 23:05:45','1978-12-02 08:52:08'),(71,71,71,'Unde explicabo totam iure aut minus qui odio. Quia sunt non nulla in atque rem quia inventore. Sequi quo et commodi nemo eveniet sunt nihil.','est',65,NULL,'1973-05-20 16:10:00','1983-03-26 19:28:21'),(72,72,72,'Temporibus optio sunt et harum sunt itaque quibusdam nobis. Nostrum dolor quod quia ipsam sit. Est eaque rerum pariatur qui fugiat. Distinctio dicta natus laboriosam sit fugit.','corporis',67,NULL,'1983-01-18 20:02:08','2020-09-06 16:47:07'),(73,73,73,'Reiciendis iusto eveniet sed rerum nihil molestiae. Rerum pariatur aliquid a quam aperiam similique vel. Aut ut esse numquam earum animi. Rerum harum explicabo a occaecati est.','animi',504983,NULL,'2018-09-13 04:32:34','1998-01-29 10:30:21'),(74,74,74,'Aperiam esse nihil quod laboriosam. Aut assumenda praesentium ullam corrupti voluptatem ducimus quidem. Aut quia suscipit ut ea quisquam cum voluptate. Minima qui sit nobis quasi maxime culpa quasi.','harum',381426,NULL,'2005-10-04 16:35:51','2015-08-10 05:32:44'),(75,75,75,'Dicta ipsum et modi sint aspernatur corporis. Mollitia sit non aspernatur expedita aut nemo est. Totam perferendis ut iusto unde rerum similique.','incidunt',3580964,NULL,'1971-01-25 07:49:57','2015-02-18 06:12:23'),(76,76,76,'Qui saepe ut maxime sit quos occaecati maiores voluptatum. Sapiente aliquid alias quis aut id. Et unde tenetur non nostrum voluptatem fugiat. Aut dolorem fuga earum dolores ex.','ipsa',584973,NULL,'1998-07-23 01:58:26','2014-09-12 09:19:43'),(77,77,77,'Sint voluptatem repellat quia aut. Modi voluptatem odit aut debitis. Laudantium qui dolores explicabo dolor rerum. Voluptas consectetur blanditiis dolor delectus.','tempore',0,NULL,'1982-05-18 05:12:27','2016-09-04 13:23:37'),(78,78,78,'Deleniti ducimus in dicta aperiam dolores blanditiis ut. Nulla impedit modi dolores harum facilis. Dolorem quibusdam blanditiis quasi ratione est libero.','illum',20048,NULL,'2001-01-26 04:42:52','2007-03-11 22:27:21'),(79,79,79,'Provident iusto numquam qui in. Quis accusamus inventore est saepe laboriosam consequatur dolores. Sint quae repellat possimus.','quia',812563263,NULL,'2005-12-28 15:45:36','2010-06-11 22:41:27'),(80,80,80,'Facere laboriosam quia possimus ea. Cupiditate autem atque fugit repellendus dolor et. Porro velit dolores a non totam dolor. Odio eligendi omnis magnam repellat qui laborum.','accusamus',8160330,NULL,'1990-10-12 13:59:37','2013-11-22 05:37:42'),(81,81,81,'Doloremque eius mollitia facilis. Commodi eaque architecto veritatis non.','maiores',711222132,NULL,'1978-02-28 08:54:50','2001-10-11 13:18:05'),(82,82,82,'Illum expedita qui pariatur non deleniti consequuntur. Eos nobis quaerat id molestias consectetur cum occaecati. Voluptatibus sint minima non aut nobis eveniet.','at',8,NULL,'2016-11-12 03:00:04','2017-02-17 14:35:39'),(83,83,83,'Voluptas voluptatibus doloribus et officia. Molestiae praesentium omnis culpa voluptatem ut.','ab',795116610,NULL,'1975-11-30 09:55:50','1997-07-03 03:22:40'),(84,84,84,'Nesciunt ut labore optio dolorum itaque consequuntur illum. Eos provident explicabo veritatis officia officia earum qui nam. Fugiat quas inventore molestiae ratione ipsum sint.','deserunt',8,NULL,'1982-07-21 15:03:05','1980-07-12 10:58:11'),(85,85,85,'Possimus nesciunt laudantium aperiam rerum ratione. Facere aliquid corporis rem labore delectus. Et nemo et modi totam qui.','enim',2100356,NULL,'2008-01-18 06:25:46','1983-09-19 02:22:32'),(86,86,86,'Architecto enim aliquam rerum molestias rerum labore assumenda. Quas animi enim alias iste et iusto accusamus. Quaerat aut omnis odit ut.','iusto',35,NULL,'1997-02-22 07:08:44','1991-04-29 09:48:01'),(87,87,87,'Occaecati molestiae numquam sed quis. Accusantium quia occaecati est ipsa ratione. Impedit et culpa optio autem nihil non aut.','ut',37,NULL,'1981-10-24 00:04:46','1975-12-27 02:28:57'),(88,88,88,'Sunt omnis repudiandae quis. Laborum aspernatur qui praesentium animi et. Et et illum assumenda enim eaque. Nostrum animi sint voluptas porro.','aperiam',817149,NULL,'1978-08-11 15:27:14','1997-11-27 07:07:06'),(89,89,89,'Velit maiores rem aut odit nulla. Accusantium veniam repudiandae hic alias. Veniam nemo deserunt omnis laboriosam nam. Quia numquam modi odit eaque nihil.','veniam',44811,NULL,'1986-07-01 12:34:57','1994-02-13 07:27:39'),(90,90,90,'Consectetur aliquid explicabo voluptatem similique ipsum. Facilis ea sit maxime est id. Voluptatem dolor placeat non dolores. Delectus quam enim molestiae.','praesentium',1,NULL,'2009-05-12 07:45:12','2006-11-17 12:19:01'),(91,91,91,'Fuga in placeat maiores. Soluta voluptas dolor accusantium totam voluptates quia aut. Aut est unde culpa nemo eos iste quia. Et expedita est in enim quod accusamus.','adipisci',60564,NULL,'2018-05-14 23:02:21','1991-10-23 14:14:28'),(92,92,92,'Quia qui assumenda et qui esse. Ipsa ratione modi error consectetur sit. Sit voluptas culpa repudiandae dolorum aut optio. Saepe voluptatem ut perferendis fugiat quae eum.','dolorum',7428,NULL,'2021-02-01 17:56:52','1995-09-13 09:17:18'),(93,93,93,'Vitae quia ipsa sed debitis ut. Est consequatur assumenda unde et ratione dolore fugiat corrupti. Perferendis unde dolor assumenda aliquid.','molestias',5,NULL,'1992-02-22 16:15:07','1995-12-31 21:30:28'),(94,94,94,'Rerum qui voluptatem temporibus non. Unde et nihil quae nihil commodi sit. Quod iusto quia dolores debitis sed voluptatum incidunt. Neque exercitationem voluptas repudiandae atque non eveniet ut. Numquam ut sit adipisci omnis officia earum animi accusantium.','voluptate',151294,NULL,'1973-11-09 13:39:25','1988-03-17 00:03:32'),(95,95,95,'Qui aut quidem dicta et cum. Totam et deserunt assumenda et velit. Enim enim ipsam voluptates vitae ipsum.','quo',3211955,NULL,'2010-04-27 09:11:20','2016-07-07 08:24:43'),(96,96,96,'Earum cum magni officia. Omnis qui expedita perferendis temporibus voluptates ratione non dolores. Est ut eos ipsum aut tempora doloribus non sed.','tenetur',0,NULL,'2009-05-14 02:17:29','2014-04-14 05:44:35'),(97,97,97,'Saepe autem qui at omnis aut. Ut praesentium assumenda doloremque velit vel.','et',0,NULL,'1996-02-14 04:56:30','2001-06-03 21:06:54'),(98,98,98,'Blanditiis ex laudantium necessitatibus ut voluptas est. At ea quia unde praesentium quas.','rem',0,NULL,'1987-05-08 22:47:36','1973-10-15 00:12:07'),(99,99,99,'Et voluptatem doloribus nesciunt voluptas distinctio minus. Enim animi non eum libero. Quia unde eius molestiae consequatur consequatur voluptatem.','eum',74763,NULL,'1985-04-03 03:00:01','1982-09-19 10:41:09'),(100,100,100,'Nesciunt autem inventore rem maiores eaque adipisci inventore. Amet quidem adipisci mollitia architecto itaque.','eaque',23276146,NULL,'1975-12-23 23:01:03','2020-05-11 23:40:14');
/*!40000 ALTER TABLE `media` ENABLE KEYS */;
UNLOCK TABLES;

--
-- Table structure for table `media_types`
--

DROP TABLE IF EXISTS `media_types`;
/*!40101 SET @saved_cs_client     = @@character_set_client */;
/*!40101 SET character_set_client = utf8 */;
CREATE TABLE `media_types` (
  `id` bigint(20) unsigned NOT NULL AUTO_INCREMENT,
  `name` varchar(255) COLLATE utf8mb4_unicode_ci DEFAULT NULL,
  `created_at` datetime DEFAULT current_timestamp(),
  `updated_at` datetime DEFAULT NULL ON UPDATE current_timestamp(),
  UNIQUE KEY `id` (`id`)
) ENGINE=InnoDB AUTO_INCREMENT=101 DEFAULT CHARSET=utf8mb4 COLLATE=utf8mb4_unicode_ci;
/*!40101 SET character_set_client = @saved_cs_client */;

--
-- Dumping data for table `media_types`
--

LOCK TABLES `media_types` WRITE;
/*!40000 ALTER TABLE `media_types` DISABLE KEYS */;
INSERT INTO `media_types` VALUES (1,'voluptatibus','2015-01-29 20:09:11','1995-10-09 02:43:01'),(2,'iure','1985-08-10 10:39:16','2006-02-21 12:45:52'),(3,'iure','1977-05-15 11:35:18','2013-12-11 19:47:54'),(4,'voluptas','1975-03-29 22:21:49','1995-03-18 14:03:38'),(5,'neque','2016-07-19 00:20:05','2015-08-11 09:01:36'),(6,'consequatur','2006-03-05 10:05:49','1982-04-29 23:03:04'),(7,'magni','2019-03-25 21:35:23','1991-01-08 00:12:38'),(8,'eum','2008-10-22 23:56:12','2000-10-15 21:36:16'),(9,'amet','2018-04-10 09:50:03','1993-06-06 20:47:53'),(10,'aut','2015-12-02 08:39:22','1990-06-23 12:56:06'),(11,'vel','2016-05-14 15:15:26','2001-08-28 05:44:00'),(12,'inventore','1986-06-14 07:52:04','1994-01-19 09:13:22'),(13,'fuga','1999-08-19 16:01:14','1975-10-11 07:46:36'),(14,'illum','1972-05-18 21:39:08','1972-11-17 06:10:40'),(15,'in','2001-10-17 05:16:48','2010-07-13 04:37:41'),(16,'sed','2002-03-12 14:46:38','1974-05-12 10:36:25'),(17,'et','2006-01-24 08:26:35','2011-03-09 23:32:00'),(18,'cumque','1985-02-27 06:13:05','1984-11-12 23:18:33'),(19,'aperiam','2013-04-03 02:37:43','1980-08-16 00:01:13'),(20,'aspernatur','1978-05-18 22:18:11','1991-11-20 14:59:21'),(21,'ipsam','1974-08-16 06:01:37','2016-01-08 21:33:42'),(22,'ad','2004-02-29 16:45:34','2000-05-06 08:45:16'),(23,'quo','1996-10-24 12:27:49','2013-06-04 10:40:38'),(24,'dolorum','1983-06-04 15:27:55','1973-04-07 01:12:27'),(25,'molestias','1971-07-28 06:18:08','2000-05-13 21:13:48'),(26,'delectus','2018-03-03 02:10:39','1974-03-16 02:26:18'),(27,'possimus','2015-12-30 22:29:34','1993-07-29 17:38:46'),(28,'nostrum','1984-09-24 23:29:20','1972-06-25 20:10:40'),(29,'aut','2004-04-13 21:24:00','1989-10-11 11:39:04'),(30,'at','1972-09-14 04:40:58','1985-05-23 02:51:47'),(31,'delectus','2004-07-18 09:36:49','2010-03-21 21:02:21'),(32,'quae','1973-11-16 19:40:02','2009-01-09 05:42:42'),(33,'natus','1973-10-29 06:38:24','1988-01-20 21:17:24'),(34,'placeat','2003-08-01 10:47:10','1999-07-03 11:32:56'),(35,'eos','1972-07-20 17:44:38','1994-06-10 17:35:28'),(36,'suscipit','1975-07-07 10:48:28','2016-06-17 09:04:44'),(37,'unde','1979-10-03 16:06:24','2000-09-15 08:03:35'),(38,'repellat','1993-08-16 05:53:44','1999-09-16 03:51:43'),(39,'accusantium','1982-11-19 10:38:58','2019-04-20 11:29:37'),(40,'qui','2004-11-24 09:22:03','2019-02-15 05:34:56'),(41,'at','2007-07-23 15:08:39','1974-10-09 22:27:36'),(42,'illo','1972-10-30 00:18:23','1976-04-25 12:45:00'),(43,'ratione','2009-08-11 08:13:38','1975-05-24 02:02:17'),(44,'animi','1996-10-03 09:46:24','2016-09-20 22:42:28'),(45,'consectetur','1992-01-05 20:59:31','2013-12-27 13:11:03'),(46,'delectus','2007-09-14 17:15:21','1998-11-21 14:01:13'),(47,'atque','2006-04-16 13:38:35','1998-07-08 07:32:33'),(48,'eum','2017-05-15 06:04:22','1995-01-22 22:35:58'),(49,'provident','1985-12-22 09:37:40','1983-10-23 07:32:29'),(50,'eius','2016-01-11 21:59:03','1974-02-25 04:31:21'),(51,'eum','1983-01-23 08:18:27','1999-04-25 08:42:28'),(52,'velit','1979-09-20 11:28:48','1993-02-21 19:56:18'),(53,'a','1973-02-05 18:46:34','1990-12-10 10:58:48'),(54,'assumenda','1995-03-10 17:37:12','1996-08-08 11:45:19'),(55,'consequatur','1973-04-30 04:38:16','2006-08-09 03:56:46'),(56,'cum','1975-04-10 16:33:32','2008-02-25 06:28:05'),(57,'doloremque','2004-06-14 20:48:09','1975-08-22 04:56:44'),(58,'dolorum','1997-07-12 10:00:14','2011-04-01 18:34:33'),(59,'inventore','2018-05-30 01:21:56','1972-03-21 08:08:11'),(60,'maiores','1990-12-14 07:26:23','1972-10-03 20:01:21'),(61,'et','2021-02-13 12:02:53','2007-09-12 05:50:50'),(62,'delectus','2001-11-22 21:11:03','1995-10-02 05:24:29'),(63,'et','2005-05-28 19:19:23','2007-05-13 13:34:50'),(64,'quia','1997-04-20 00:54:54','2012-02-17 17:30:22'),(65,'eligendi','1982-09-08 14:19:16','1999-05-10 05:47:12'),(66,'sed','2000-05-18 09:00:44','1995-10-08 01:33:14'),(67,'amet','1985-11-03 09:52:00','1994-06-12 13:04:40'),(68,'magnam','1976-09-20 19:05:09','2020-09-03 03:32:08'),(69,'blanditiis','1995-10-20 08:26:04','2004-02-12 10:15:24'),(70,'vel','2019-09-24 18:28:56','2001-11-09 09:03:47'),(71,'rerum','1992-08-30 11:50:12','1995-07-13 19:49:02'),(72,'fugit','2013-02-28 07:51:28','2012-04-16 19:21:54'),(73,'commodi','2015-03-26 09:28:18','1987-09-29 06:44:47'),(74,'aut','2011-12-31 17:26:29','1988-03-06 17:47:41'),(75,'aut','1973-08-13 14:45:05','1972-08-12 23:31:54'),(76,'id','1994-11-15 02:10:03','1976-09-26 13:50:58'),(77,'voluptas','1979-06-16 01:45:53','1990-08-13 06:39:05'),(78,'nobis','1971-12-13 10:19:45','2003-06-29 18:59:28'),(79,'animi','1989-12-27 01:00:20','2015-06-18 10:33:40'),(80,'incidunt','1998-09-18 17:29:55','1988-08-27 21:52:20'),(81,'est','1973-08-27 02:22:11','2018-10-08 19:33:00'),(82,'nisi','1993-09-29 17:00:13','1993-10-09 22:45:56'),(83,'hic','2019-02-25 11:10:34','1982-01-11 00:10:14'),(84,'esse','2006-07-18 19:26:58','2007-12-07 20:54:43'),(85,'ipsa','1998-07-22 00:52:49','2018-03-17 07:48:12'),(86,'similique','2000-02-17 18:10:43','1970-11-04 23:56:39'),(87,'ipsa','1987-05-16 04:03:43','1971-04-19 20:16:11'),(88,'enim','1996-03-06 16:54:41','1980-02-06 21:59:09'),(89,'nemo','1983-12-22 06:09:11','1972-03-08 03:50:49'),(90,'eos','1983-04-21 07:12:14','1998-06-15 13:02:14'),(91,'sapiente','2019-01-02 14:12:32','1998-03-15 23:24:57'),(92,'a','1976-12-04 18:54:16','1983-08-26 20:55:51'),(93,'ut','1979-01-29 19:05:48','2006-03-01 10:06:29'),(94,'consectetur','1979-02-05 04:20:22','1996-08-25 16:48:17'),(95,'id','2019-11-20 01:49:53','1974-06-02 11:11:59'),(96,'ea','1994-02-08 03:39:31','2005-12-10 13:41:02'),(97,'officia','1975-07-12 12:16:43','1983-06-25 19:53:35'),(98,'consequatur','1992-08-25 06:33:00','1977-08-17 00:16:18'),(99,'tempora','1983-05-11 12:04:57','2003-10-19 23:43:19'),(100,'impedit','2008-07-03 14:16:02','1997-10-28 15:52:40');
/*!40000 ALTER TABLE `media_types` ENABLE KEYS */;
UNLOCK TABLES;

--
-- Table structure for table `messages`
--

DROP TABLE IF EXISTS `messages`;
/*!40101 SET @saved_cs_client     = @@character_set_client */;
/*!40101 SET character_set_client = utf8 */;
CREATE TABLE `messages` (
  `id` bigint(20) unsigned NOT NULL AUTO_INCREMENT,
  `from_user_id` bigint(20) unsigned NOT NULL,
  `to_user_id` bigint(20) unsigned NOT NULL,
  `body` text COLLATE utf8mb4_unicode_ci DEFAULT NULL,
  `created_at` datetime DEFAULT current_timestamp(),
  UNIQUE KEY `id` (`id`),
  KEY `from_user_id` (`from_user_id`),
  KEY `to_user_id` (`to_user_id`),
  CONSTRAINT `messages_ibfk_1` FOREIGN KEY (`from_user_id`) REFERENCES `users` (`id`),
  CONSTRAINT `messages_ibfk_2` FOREIGN KEY (`to_user_id`) REFERENCES `users` (`id`)
) ENGINE=InnoDB AUTO_INCREMENT=101 DEFAULT CHARSET=utf8mb4 COLLATE=utf8mb4_unicode_ci;
/*!40101 SET character_set_client = @saved_cs_client */;

--
-- Dumping data for table `messages`
--

LOCK TABLES `messages` WRITE;
/*!40000 ALTER TABLE `messages` DISABLE KEYS */;
INSERT INTO `messages` VALUES (1,1,22,'Tempora autem veritatis exercitationem doloremque error ipsa doloribus. Commodi consectetur consequatur nisi maiores quia ea officiis. Officia nostrum exercitationem aliquid ut inventore rem iusto.','2008-11-27 19:59:52'),(2,2,94,'Rerum quia pariatur libero aut tempore cumque nam. Maxime excepturi quos molestiae enim eveniet. Saepe provident unde labore ea dolorem. Et quam blanditiis laborum tempore.','1997-06-01 16:28:19'),(3,3,2,'Qui qui id voluptatem mollitia vel et. Eveniet eum explicabo dolores officia. Magni iure ut omnis error ratione.','1996-03-06 15:13:00'),(4,4,51,'Rerum voluptates eos labore. Magni ab ab in rem et aut ut perferendis. Ut praesentium enim numquam cupiditate aliquam dolor porro animi.','1980-01-13 11:11:56'),(5,5,28,'Ipsum sit rerum perferendis eius eum. Voluptatem doloremque aliquam aliquam. Nihil ipsam earum et illum est et aut voluptas. Vel facere vel veniam iusto asperiores dolor.','2019-03-31 01:56:12'),(6,6,86,'Porro autem vel ut. Et quia suscipit sunt et dolores. Ut quis deleniti voluptatem qui dolores numquam. Autem aspernatur culpa odio necessitatibus recusandae eligendi.','2016-07-14 05:28:11'),(7,7,42,'Esse nihil eos distinctio dolorum quos nulla. Dolorem aliquid sit facere et. Maxime sequi eum nemo doloremque distinctio facere omnis. Quia perspiciatis excepturi quos odio officia architecto aspernatur. Sunt autem voluptate rerum.','2018-10-17 19:48:08'),(8,8,61,'Vel et molestias et earum soluta. Illum et molestiae molestiae eveniet fuga sit eaque. Vel nihil libero neque. Non minus beatae dicta.','1987-11-23 06:00:51'),(9,9,46,'Dolorem laudantium soluta consequatur ducimus alias quam. Minima ipsa voluptatem consequatur fuga corporis et. Numquam alias dolor minus expedita sapiente.','1981-02-21 12:13:36'),(10,10,16,'Molestiae ea perspiciatis distinctio deleniti officiis. Et maxime aliquam consequatur aut. Ipsam ut ut aut aut unde. Dolores dolorem expedita neque harum sit.','2017-09-22 23:19:18'),(11,11,55,'Voluptates aspernatur aperiam voluptatem sit eos facere. Et consequatur odio nisi nulla ipsa ullam mollitia sit. Aut neque ut vitae quae. Sed consequatur assumenda sed non. Culpa eum eveniet id voluptatem ipsam.','2005-05-31 00:31:43'),(12,12,75,'Sit maiores assumenda odit ut rerum minima sunt aliquam. In dignissimos et voluptas voluptatem sed. Occaecati voluptate eveniet voluptatibus harum.','1977-06-24 06:38:41'),(13,13,44,'Exercitationem ratione totam voluptates maxime. Qui consequatur excepturi et et nemo odit. Aut fugit fuga nesciunt est. Laudantium adipisci itaque sunt velit voluptatem.','1996-02-09 11:51:52'),(14,14,82,'Porro dolor quas fugiat ratione sit sed excepturi. Labore fuga aut quia aut. Aut itaque placeat quidem veritatis incidunt eos voluptatem.','1977-05-04 08:14:45'),(15,15,11,'Quia recusandae est qui illum. Nisi voluptate tempore maxime in libero et et.','2006-08-01 07:59:23'),(16,16,9,'Quisquam voluptatem non cumque quae reiciendis quis. Reprehenderit dolorem at consequatur et consequatur. Nobis eveniet libero id.','2001-08-09 06:58:49'),(17,17,46,'Quia laboriosam voluptatem aliquid fuga fuga aspernatur. Numquam ducimus earum id voluptate. Cupiditate harum ullam cum itaque cumque non nulla.','1997-12-19 04:43:15'),(18,18,64,'Et recusandae omnis accusantium eligendi qui aut reprehenderit. Qui autem ipsum officiis esse dolores iusto et.','2019-01-01 08:51:02'),(19,19,39,'Sit ipsa et tempore. Qui consequatur laboriosam officiis eaque neque. Fugit distinctio ut laudantium saepe. Commodi consequatur ad odit autem facere rerum. Dolor omnis voluptate corrupti quam blanditiis ut ut dolor.','1980-02-10 04:36:43'),(20,20,58,'Veritatis similique perspiciatis itaque unde laboriosam voluptas at provident. Sunt rem aliquam qui. Enim beatae quae tenetur. Ab ea ut eligendi nihil quam quis at.','1991-08-01 14:25:17'),(21,21,10,'Illum blanditiis corrupti inventore corporis impedit. Est aut distinctio qui ea quasi consequatur magnam. Molestias quia placeat et dolores. Natus nostrum pariatur fugiat sunt tempora libero et iusto.','2019-09-21 06:02:37'),(22,22,80,'Modi et ut earum id. Sint dicta fugiat et vitae. Non ex maxime nulla et fugit quos neque et. Harum laborum enim modi dolores ut libero voluptate.','1982-05-03 09:04:02'),(23,23,60,'Est labore consequatur eos quas. Quibusdam aperiam error rerum numquam. Neque omnis iure aperiam ducimus officiis.','2018-07-23 06:27:08'),(24,24,57,'Ex amet eum sed explicabo consequatur eligendi. In dicta sint vel voluptatem qui.','2000-09-23 02:03:36'),(25,25,98,'Sunt aperiam ea esse debitis. Eaque suscipit quasi molestias quo omnis repellat. Nobis vitae eos provident. Et voluptatem minus deleniti assumenda veritatis.','1995-09-11 12:44:51'),(26,26,59,'Qui sed quia commodi temporibus esse rerum et. Qui qui velit rerum et. Adipisci deserunt sunt cum velit sequi nulla. Fugit est voluptatem et cumque quo suscipit et non.','1971-06-20 08:00:25'),(27,27,24,'Quia magnam soluta molestiae et a recusandae commodi. Fugit magnam aut modi. Deserunt eum ex dolorem nesciunt omnis maxime reprehenderit. Repudiandae eum omnis quaerat itaque.','2011-04-07 16:13:03'),(28,28,73,'Maiores incidunt quis omnis qui praesentium pariatur officiis. Corrupti debitis sed nihil officia esse eius aut exercitationem. Nostrum inventore in impedit. Deleniti similique similique illum in fuga perferendis.','2001-01-14 10:08:41'),(29,29,100,'Quo aspernatur voluptas est. Dolor sit eligendi minima harum aut et aliquid.','2019-12-16 20:10:01'),(30,30,12,'Necessitatibus deleniti consequatur molestiae ut eveniet vero alias. Neque ipsa accusamus vel deserunt. Et mollitia est voluptatem eius ut.','1991-02-27 11:01:52'),(31,31,21,'Voluptatum vero aut quod in. Sit suscipit excepturi laudantium occaecati. Sint id saepe aliquid. Ut facilis et cupiditate eaque nostrum.','2000-09-21 13:56:33'),(32,32,21,'Nam nulla ea nam est soluta fugiat. Ea harum voluptatem dolor et. Sed necessitatibus qui vel consequatur.','1973-03-31 07:33:00'),(33,33,6,'Sequi exercitationem doloremque et molestiae et architecto explicabo est. Quam cupiditate libero eos omnis consequatur dolorem ut voluptates.','2007-12-23 15:33:34'),(34,34,23,'Qui pariatur ducimus ea eos et natus velit. Aperiam exercitationem odit fuga nostrum. Minima quos ab repellendus velit dolor inventore. Dicta doloremque id suscipit et.','1998-12-23 02:20:07'),(35,35,72,'Quos quis et voluptas quaerat. Molestiae harum est molestiae sint. Sed recusandae illum quasi doloribus. Repudiandae dolores fugit inventore sit saepe quae nam suscipit.','1973-10-27 23:34:02'),(36,36,33,'Qui adipisci excepturi voluptatum. Fuga dolor quis nostrum quia. Ea voluptatum vel vitae est.','1990-12-27 15:52:51'),(37,37,8,'Voluptas perspiciatis qui perferendis in quo ducimus et. Qui error aut dolor ut excepturi porro eum. Architecto ut cupiditate qui quae neque et minima.','2007-06-27 20:42:58'),(38,38,13,'Et saepe rem sint iste. Nostrum voluptas quibusdam adipisci ducimus qui debitis incidunt. Aliquid blanditiis culpa quis corporis placeat. Temporibus nemo et illo. Dolore architecto quia quibusdam ut.','2001-07-11 01:13:33'),(39,39,93,'Ipsam fugiat sunt aperiam molestiae. A et exercitationem tenetur incidunt. Est delectus sint iusto ut quasi labore consequatur culpa.','1996-11-08 16:23:19'),(40,40,54,'Unde rerum rerum est voluptatem soluta consequatur totam. Minus eos doloribus fuga saepe quia laudantium. Non voluptas illum aut sed eum optio architecto quam. Rerum et non explicabo rerum earum repellendus facere.','1992-12-27 13:05:02'),(41,41,28,'Blanditiis dolorem voluptates omnis architecto dolorem facere magnam nostrum. Ut laboriosam aut reiciendis aut. Doloremque iusto sunt fugiat quia culpa voluptate. Excepturi itaque eos porro et.','1999-03-15 19:06:16'),(42,42,48,'Earum est nemo ullam non enim ea id. Voluptate pariatur aliquid est qui ullam. Veniam quo quas eos nisi. Aperiam neque molestiae laudantium libero dolor sed totam.','1981-02-13 12:02:42'),(43,43,28,'Molestias dolorem quam atque iste quos id eaque. Itaque ea nihil quod sapiente id molestiae. Esse perferendis laborum excepturi eligendi accusamus voluptates.','1977-10-06 10:05:22'),(44,44,72,'Consectetur incidunt dolorem aspernatur. Beatae ipsam perspiciatis voluptas adipisci autem est. Qui est nulla voluptas libero dignissimos accusantium occaecati. Illo et voluptas quas in quia hic nobis. Quae et fuga alias delectus incidunt sed.','2015-01-02 12:34:47'),(45,45,29,'Recusandae sequi optio sequi ducimus enim consequuntur. Officia est rerum quam dolores commodi. Velit ut commodi eius.','2007-01-09 10:51:45'),(46,46,38,'Eaque blanditiis hic sed. Est quia neque rem maxime. Pariatur repudiandae quia vitae.','1987-01-08 20:31:49'),(47,47,81,'Atque sapiente qui eaque eaque animi voluptatem sit aliquam. Tempore magni cumque quia natus quam rerum earum id. Molestias illo distinctio cumque recusandae fugit rem. Optio adipisci rerum saepe.','2012-10-17 10:17:29'),(48,48,74,'Magnam ipsam eaque quia qui optio quibusdam nisi. Dolor sint laudantium aspernatur et nulla. Temporibus excepturi neque vitae ut id.','2010-07-22 04:43:17'),(49,49,2,'Nihil dolores laudantium expedita consequuntur doloribus molestiae assumenda. Reprehenderit pariatur sed explicabo. Et temporibus ea provident omnis. Voluptatem quia doloremque odit voluptas non cupiditate soluta.','1995-09-27 07:02:34'),(50,50,19,'Esse dolores quia quisquam consequatur et quidem sunt autem. Sed qui dolore non nisi dicta reiciendis. Quo mollitia repellat sit dolorem inventore. Optio in repellat dolor alias cum a magnam enim.','2020-04-10 20:04:24'),(51,51,32,'Unde blanditiis nobis aliquid maiores velit quia omnis. Autem cumque alias enim. Nihil harum mollitia laudantium nisi.','2013-10-30 11:01:04'),(52,52,11,'Eaque eum sit distinctio et blanditiis ut. Adipisci soluta aspernatur qui nostrum nobis minima ut molestias. Harum quae dolores sunt labore. Repellat eos eum consequatur eum voluptatum.','2003-07-18 17:52:05'),(53,53,99,'Alias hic voluptatum exercitationem esse. Qui autem cum numquam quo unde omnis. Aut vel quae quam eius repellendus quo quasi suscipit.','2016-04-08 21:09:54'),(54,54,92,'Eos nobis quasi est facilis molestiae dolore. Totam voluptas sit rem et consequuntur ut molestias. Sunt ad illum vitae et est. Debitis corrupti minima eum esse aliquam in. Voluptatem et vero eum quo.','1999-04-22 10:05:39'),(55,55,68,'Quis hic laboriosam harum qui ullam. Quae quos nisi in eum qui. Qui voluptatem autem adipisci quia ipsum beatae.','2006-11-06 10:17:32'),(56,56,97,'Iure perspiciatis velit similique. Odit consequatur iusto quasi.','1995-10-31 22:22:02'),(57,57,50,'Vel omnis rerum et illo. Dolores consequatur eum aut ipsa est neque error et. Ab repellendus et aliquid veritatis ipsam minima qui. Asperiores laudantium perferendis suscipit eveniet iste corporis consequatur et.','1972-06-23 03:08:38'),(58,58,91,'A architecto a consequatur corrupti vitae itaque. Iusto aut voluptates mollitia et. Mollitia ipsa doloribus facilis est iste. Veniam culpa blanditiis voluptas velit illo adipisci ipsa.','1984-10-11 18:50:25'),(59,59,69,'Numquam et corrupti suscipit accusamus voluptas consequuntur officia omnis. Inventore nobis delectus nobis occaecati dolor molestias.','1985-09-25 00:30:50'),(60,60,49,'Doloribus magnam vel eius deleniti. Incidunt non aut magnam voluptatem deserunt est quos. Et non numquam sed et ut. Nostrum quibusdam vel tempora laboriosam quibusdam.','1977-10-16 10:01:45'),(61,61,3,'Enim sequi voluptas est. Saepe suscipit nesciunt dolorum. Est quis suscipit voluptatibus earum aspernatur molestiae sint et. Nihil molestiae voluptatem ullam occaecati et itaque odio.','1990-07-24 19:36:27'),(62,62,90,'Ut consequatur ea similique sed ipsum in tempore. Voluptatibus numquam et iusto fugiat perferendis. Ut numquam voluptatum quis aut qui animi vero. Quia earum aspernatur alias ut tenetur eos qui.','2013-01-11 04:12:43'),(63,63,70,'Recusandae animi natus blanditiis at alias similique. Ut autem quibusdam ratione quaerat.','2002-08-20 15:23:15'),(64,64,8,'Qui et nisi et nobis. Rerum expedita natus voluptas qui illum. Eveniet et sit adipisci qui molestias. Eum cupiditate unde harum pariatur.','2004-02-05 03:10:56'),(65,65,12,'Delectus quisquam et quis eius fugiat minus sit. Quasi molestias reprehenderit aut et nulla. Officiis omnis adipisci enim ipsa.','2016-02-26 16:12:45'),(66,66,41,'Tempora dolorem deserunt quaerat aut. Doloribus amet ut eum omnis numquam. Sed odio vel accusamus nihil voluptatem aut.','2015-11-28 00:26:52'),(67,67,41,'Ratione magni earum voluptates harum consequatur ipsam. Temporibus mollitia quo incidunt asperiores recusandae quidem consequatur. Iusto alias ipsum et.','2001-07-18 12:40:22'),(68,68,20,'Adipisci maiores iusto quibusdam consectetur. Provident aut perferendis in. Corrupti qui rem deleniti velit laboriosam. Est blanditiis est cupiditate omnis.','2006-11-28 00:02:22'),(69,69,54,'Sed et nulla odio placeat unde veniam veniam in. Veniam eum cum est ad vero. Consequatur animi ea ab iste. Nulla commodi vel voluptas id.','1976-10-16 07:25:18'),(70,70,34,'Dolorem quo iste id a. Aut quia dolores et animi eum et. Sit vel est perferendis qui est et saepe.','1996-07-04 22:54:05'),(71,71,73,'Qui corporis nisi error impedit nihil. Doloribus modi qui doloremque alias. Quis laboriosam enim veritatis tempore. Quia odio consequatur et ut.','1985-04-28 10:15:37'),(72,72,82,'Reprehenderit tempore cupiditate exercitationem non et. Ut et culpa ea dolore. Et qui optio exercitationem quos aut.','1979-07-29 22:39:48'),(73,73,81,'Velit esse placeat voluptates qui autem eos. Aut officia et mollitia pariatur illo.','2009-10-18 11:09:15'),(74,74,1,'Adipisci quia voluptatem a temporibus. Non voluptatum neque laudantium eos sed optio.','1988-07-30 21:47:49'),(75,75,53,'Atque est quia provident quasi eum doloremque velit. Quia magni dicta asperiores officiis tenetur iusto dolores. Sint corporis rerum aut. Et error quia voluptate eius nobis deleniti non.','2009-04-22 04:29:40'),(76,76,10,'Quo ducimus veritatis illo qui. Suscipit ut eum facere consequatur illum.','2012-07-14 05:29:39'),(77,77,38,'Alias animi inventore laborum aperiam distinctio recusandae possimus. Repellendus enim nesciunt dolores nisi. Aut aut earum minima labore.','1994-11-01 13:28:47'),(78,78,33,'Sit et magni voluptatem autem velit tempora impedit et. Magnam et amet minus eum voluptatem. Dicta accusamus fugiat consequuntur aut molestiae hic id rem. Cum labore praesentium esse eius expedita et facilis dolorem. Ab blanditiis ad nihil.','1991-02-04 12:20:18'),(79,79,84,'Dignissimos tenetur et ipsa quia ut voluptas. Culpa tempore occaecati nesciunt impedit. Natus aut hic quis suscipit.','1991-05-31 11:27:09'),(80,80,39,'Molestias deleniti autem est consequatur vel. Atque voluptatem rerum exercitationem aut sit adipisci id. Aut non id sed ut nam suscipit ullam unde.','1998-12-24 17:53:32'),(81,81,52,'Ut qui nostrum odio at eos. Dolorem officiis ut ex quam et est. Consequatur error culpa qui praesentium ad tenetur. Odit soluta accusantium iusto necessitatibus.','2003-08-12 11:08:16'),(82,82,15,'Et itaque sed aperiam quis ea quo. Deleniti ipsam quae quia quasi perspiciatis. Tenetur odio est et corrupti culpa.','2015-12-04 20:12:01'),(83,83,50,'Aut praesentium alias maxime veniam aut aperiam eveniet. Ab neque optio voluptates. Delectus exercitationem ab laboriosam dolores. Temporibus odit repellendus ut sed aut deserunt esse pariatur.','2008-03-15 17:22:34'),(84,84,51,'Tempore qui ab voluptates quibusdam quo. Sed iste perferendis accusantium iste et autem. Ut iure quia incidunt repudiandae et dolor asperiores. Earum quaerat delectus temporibus itaque aliquid minus et.','2012-11-18 20:49:36'),(85,85,7,'Blanditiis et esse tempore saepe ut ex quas. Vitae dicta distinctio eum quidem. Est iure aut voluptatem qui.','2014-09-14 01:49:45'),(86,86,17,'Iure voluptas quis perferendis id voluptas quia voluptas. Ea quia a fugit accusantium est et. Sint et et quisquam atque harum aperiam. Accusamus molestiae alias ea nulla ipsam. Sapiente illum sit dolores molestias exercitationem cupiditate.','2005-08-09 22:22:44'),(87,87,47,'Accusantium unde occaecati voluptatem neque officiis aut in. Perferendis dolor sunt rerum atque. Nam velit reiciendis sint repellat.','1994-10-24 07:49:52'),(88,88,56,'Dolorum ex odit iusto repellat consequatur sapiente. Perspiciatis doloribus laborum quibusdam autem soluta nam nemo architecto. Ut ipsam molestias vero atque similique.','1993-05-17 13:21:40'),(89,89,8,'Facilis fugiat aperiam minus dolores rerum architecto. Ex aut sed ab dignissimos maxime laborum. Et ut voluptates tempora quibusdam consequatur quibusdam. Et aspernatur sed qui possimus optio qui.','2020-12-19 03:48:25'),(90,90,16,'Aperiam maiores error maiores ullam. Et officia voluptas doloremque et dolor.','1985-04-23 12:32:30'),(91,91,5,'Rerum quibusdam nisi facilis qui voluptate. Ab et omnis quidem error quibusdam cupiditate. Et tempore in repellat sit quo dolor. Beatae reiciendis quod nemo ullam veniam nam.','1970-08-05 13:53:04'),(92,92,10,'Animi necessitatibus reiciendis quisquam voluptatibus repellat ut earum dolorem. Error et ipsa aut. Quos omnis totam sit et.','2014-11-04 01:24:17'),(93,93,6,'Fugiat sunt expedita in reiciendis ratione porro. Ut praesentium dolorum omnis ab dignissimos tempora sint. Minima debitis consectetur ullam magni. Corporis labore pariatur non ipsam.','2017-01-12 08:27:40'),(94,94,74,'Aut ea et aliquam aliquid necessitatibus molestiae. Sint atque dolor accusamus corrupti magni perferendis. Aliquam nemo dolorem dignissimos incidunt qui inventore. Ut et quo at assumenda culpa numquam nam.','1983-11-10 09:44:57'),(95,95,18,'Ea molestias repellendus non cupiditate est. Cum quas vel dolores quia provident tempore sit. Enim et libero nesciunt ut magni quidem fugiat.','2000-08-11 19:03:16'),(96,96,17,'Quos autem numquam soluta. Iure reiciendis optio non rerum provident nisi. Ut vitae mollitia repudiandae aut.','1996-03-20 05:25:45'),(97,97,15,'Suscipit assumenda illo explicabo eos beatae quisquam blanditiis rem. Exercitationem autem in enim cupiditate sit vel porro odit.','1985-09-07 01:08:45'),(98,98,58,'Tenetur sequi nisi odit rerum eligendi fuga. Error omnis numquam unde fugiat. Ipsum atque est et sint dolorem illum praesentium. Recusandae occaecati cupiditate eos impedit voluptates molestiae laudantium.','2008-06-08 19:41:33'),(99,99,37,'Eos aliquid quod qui asperiores aut rerum aut. Expedita repellat saepe velit minima unde architecto voluptatibus. Est sit esse aut saepe similique dolor.','2018-04-27 23:48:55'),(100,100,68,'Explicabo animi itaque saepe quod recusandae enim. Dolorem dolorum quia ut ea et aperiam omnis. Quis asperiores aut quibusdam molestiae eos. Itaque fuga explicabo illo sunt.','2017-03-19 06:14:57');
/*!40000 ALTER TABLE `messages` ENABLE KEYS */;
UNLOCK TABLES;

--
-- Table structure for table `photo_albums`
--

DROP TABLE IF EXISTS `photo_albums`;
/*!40101 SET @saved_cs_client     = @@character_set_client */;
/*!40101 SET character_set_client = utf8 */;
CREATE TABLE `photo_albums` (
  `id` bigint(20) unsigned NOT NULL AUTO_INCREMENT,
  `name` varchar(255) COLLATE utf8mb4_unicode_ci DEFAULT NULL,
  `user_id` bigint(20) unsigned DEFAULT NULL,
  PRIMARY KEY (`id`),
  UNIQUE KEY `id` (`id`),
  KEY `user_id` (`user_id`),
  CONSTRAINT `photo_albums_ibfk_1` FOREIGN KEY (`user_id`) REFERENCES `users` (`id`)
) ENGINE=InnoDB AUTO_INCREMENT=101 DEFAULT CHARSET=utf8mb4 COLLATE=utf8mb4_unicode_ci;
/*!40101 SET character_set_client = @saved_cs_client */;

--
-- Dumping data for table `photo_albums`
--

LOCK TABLES `photo_albums` WRITE;
/*!40000 ALTER TABLE `photo_albums` DISABLE KEYS */;
INSERT INTO `photo_albums` VALUES (1,'debitis',1),(2,'provident',2),(3,'in',3),(4,'ducimus',4),(5,'architecto',5),(6,'saepe',6),(7,'excepturi',7),(8,'delectus',8),(9,'ut',9),(10,'animi',10),(11,'sint',11),(12,'et',12),(13,'incidunt',13),(14,'sint',14),(15,'qui',15),(16,'et',16),(17,'rerum',17),(18,'dolorem',18),(19,'et',19),(20,'consequatur',20),(21,'qui',21),(22,'eos',22),(23,'hic',23),(24,'nam',24),(25,'perspiciatis',25),(26,'vitae',26),(27,'illum',27),(28,'distinctio',28),(29,'architecto',29),(30,'in',30),(31,'eum',31),(32,'voluptate',32),(33,'magni',33),(34,'non',34),(35,'molestias',35),(36,'voluptatem',36),(37,'ipsam',37),(38,'omnis',38),(39,'aut',39),(40,'corrupti',40),(41,'qui',41),(42,'et',42),(43,'est',43),(44,'doloremque',44),(45,'reiciendis',45),(46,'architecto',46),(47,'ut',47),(48,'consequuntur',48),(49,'sed',49),(50,'error',50),(51,'consequatur',51),(52,'accusantium',52),(53,'et',53),(54,'occaecati',54),(55,'eos',55),(56,'quo',56),(57,'nostrum',57),(58,'pariatur',58),(59,'suscipit',59),(60,'similique',60),(61,'architecto',61),(62,'qui',62),(63,'id',63),(64,'eveniet',64),(65,'rem',65),(66,'est',66),(67,'sed',67),(68,'aliquam',68),(69,'aut',69),(70,'voluptatum',70),(71,'beatae',71),(72,'odio',72),(73,'quasi',73),(74,'et',74),(75,'maxime',75),(76,'sint',76),(77,'ullam',77),(78,'ipsum',78),(79,'voluptatem',79),(80,'reiciendis',80),(81,'est',81),(82,'totam',82),(83,'nemo',83),(84,'earum',84),(85,'placeat',85),(86,'repellat',86),(87,'voluptas',87),(88,'sed',88),(89,'et',89),(90,'laborum',90),(91,'nihil',91),(92,'ut',92),(93,'id',93),(94,'aut',94),(95,'quisquam',95),(96,'non',96),(97,'quam',97),(98,'maxime',98),(99,'consequuntur',99),(100,'ut',100);
/*!40000 ALTER TABLE `photo_albums` ENABLE KEYS */;
UNLOCK TABLES;

--
-- Table structure for table `photos`
--

DROP TABLE IF EXISTS `photos`;
/*!40101 SET @saved_cs_client     = @@character_set_client */;
/*!40101 SET character_set_client = utf8 */;
CREATE TABLE `photos` (
  `id` bigint(20) unsigned NOT NULL AUTO_INCREMENT,
  `album_id` bigint(20) unsigned DEFAULT NULL,
  `media_id` bigint(20) unsigned NOT NULL,
  UNIQUE KEY `id` (`id`),
  KEY `album_id` (`album_id`),
  KEY `media_id` (`media_id`),
  CONSTRAINT `photos_ibfk_1` FOREIGN KEY (`album_id`) REFERENCES `photo_albums` (`id`),
  CONSTRAINT `photos_ibfk_2` FOREIGN KEY (`media_id`) REFERENCES `media` (`id`)
) ENGINE=InnoDB AUTO_INCREMENT=1001 DEFAULT CHARSET=utf8mb4 COLLATE=utf8mb4_unicode_ci;
/*!40101 SET character_set_client = @saved_cs_client */;

--
-- Dumping data for table `photos`
--

LOCK TABLES `photos` WRITE;
/*!40000 ALTER TABLE `photos` DISABLE KEYS */;
INSERT INTO `photos` VALUES (1,54,97),(2,88,2),(3,45,7),(4,40,93),(5,90,71),(6,49,54),(7,24,48),(8,64,97),(9,66,7),(10,79,42),(11,31,83),(12,24,54),(13,26,38),(14,97,60),(15,82,90),(16,2,36),(17,87,90),(18,38,31),(19,96,77),(20,24,85),(21,48,73),(22,38,72),(23,20,2),(24,68,86),(25,8,47),(26,27,39),(27,30,50),(28,92,55),(29,87,89),(30,14,68),(31,78,16),(32,4,65),(33,5,41),(34,96,1),(35,18,20),(36,85,65),(37,92,23),(38,36,12),(39,24,4),(40,97,32),(41,50,23),(42,70,79),(43,72,62),(44,34,59),(45,50,48),(46,26,28),(47,64,30),(48,92,69),(49,70,88),(50,69,88),(51,7,53),(52,52,99),(53,76,88),(54,10,99),(55,92,7),(56,30,41),(57,29,100),(58,20,1),(59,61,53),(60,59,10),(61,100,85),(62,37,64),(63,15,29),(64,32,84),(65,16,100),(66,72,22),(67,53,23),(68,21,29),(69,11,31),(70,27,2),(71,37,57),(72,43,66),(73,56,62),(74,67,17),(75,14,25),(76,26,14),(77,10,63),(78,78,24),(79,91,9),(80,8,6),(81,9,79),(82,28,62),(83,2,48),(84,90,12),(85,78,17),(86,14,15),(87,73,57),(88,80,29),(89,18,46),(90,45,32),(91,71,71),(92,46,80),(93,33,23),(94,4,23),(95,31,11),(96,29,40),(97,89,57),(98,2,91),(99,4,91),(100,3,82),(101,7,16),(102,97,80),(103,72,76),(104,8,90),(105,22,53),(106,21,92),(107,23,66),(108,72,56),(109,89,76),(110,78,20),(111,86,7),(112,59,75),(113,63,60),(114,65,67),(115,51,67),(116,49,58),(117,83,45),(118,37,55),(119,21,45),(120,44,42),(121,98,65),(122,34,20),(123,31,6),(124,75,19),(125,81,53),(126,39,67),(127,60,97),(128,41,22),(129,57,5),(130,89,8),(131,72,37),(132,65,54),(133,81,2),(134,9,1),(135,47,52),(136,43,44),(137,17,76),(138,63,47),(139,82,38),(140,66,62),(141,91,4),(142,28,50),(143,1,69),(144,72,57),(145,74,60),(146,65,45),(147,96,29),(148,99,77),(149,31,7),(150,78,77),(151,59,21),(152,20,75),(153,97,83),(154,21,78),(155,20,87),(156,40,11),(157,90,67),(158,60,90),(159,35,31),(160,46,8),(161,90,11),(162,53,86),(163,39,51),(164,63,69),(165,58,41),(166,46,16),(167,61,65),(168,91,57),(169,47,12),(170,35,67),(171,98,74),(172,78,87),(173,41,37),(174,76,76),(175,68,22),(176,84,57),(177,32,36),(178,43,71),(179,87,6),(180,40,45),(181,46,85),(182,61,7),(183,49,51),(184,64,96),(185,62,98),(186,63,60),(187,71,40),(188,46,12),(189,77,22),(190,87,44),(191,44,70),(192,1,76),(193,5,44),(194,46,92),(195,49,85),(196,36,95),(197,70,96),(198,1,18),(199,47,65),(200,14,9),(201,62,77),(202,68,33),(203,17,14),(204,44,93),(205,36,30),(206,36,79),(207,100,37),(208,54,5),(209,80,100),(210,96,28),(211,85,32),(212,23,54),(213,27,24),(214,72,73),(215,88,85),(216,82,49),(217,62,49),(218,82,78),(219,63,26),(220,71,98),(221,55,7),(222,77,55),(223,43,31),(224,59,22),(225,30,54),(226,50,14),(227,85,72),(228,68,12),(229,95,39),(230,85,82),(231,24,66),(232,31,85),(233,15,12),(234,63,77),(235,38,33),(236,75,92),(237,39,51),(238,46,82),(239,81,5),(240,3,10),(241,58,52),(242,24,43),(243,24,91),(244,55,18),(245,29,39),(246,100,53),(247,5,30),(248,37,19),(249,42,100),(250,95,79),(251,33,69),(252,71,71),(253,20,17),(254,53,100),(255,21,55),(256,10,79),(257,7,34),(258,22,31),(259,24,76),(260,49,53),(261,14,48),(262,6,18),(263,78,42),(264,37,19),(265,42,32),(266,98,74),(267,1,69),(268,45,20),(269,86,97),(270,19,6),(271,52,29),(272,85,59),(273,62,6),(274,89,86),(275,81,37),(276,39,95),(277,84,44),(278,13,62),(279,86,49),(280,81,27),(281,80,78),(282,100,80),(283,47,44),(284,99,32),(285,40,18),(286,38,92),(287,47,22),(288,50,8),(289,28,38),(290,93,9),(291,75,32),(292,3,59),(293,75,15),(294,20,60),(295,64,100),(296,86,43),(297,78,86),(298,23,24),(299,29,22),(300,55,69),(301,40,92),(302,60,86),(303,14,9),(304,93,42),(305,47,86),(306,50,22),(307,17,53),(308,80,92),(309,68,99),(310,51,31),(311,99,37),(312,74,76),(313,22,97),(314,99,51),(315,18,54),(316,19,57),(317,46,79),(318,43,60),(319,88,35),(320,1,34),(321,21,51),(322,56,38),(323,3,35),(324,29,70),(325,34,80),(326,1,33),(327,17,75),(328,8,38),(329,71,7),(330,89,89),(331,61,8),(332,46,6),(333,86,88),(334,66,73),(335,23,66),(336,7,43),(337,16,62),(338,81,19),(339,97,9),(340,89,31),(341,89,89),(342,63,5),(343,63,71),(344,43,34),(345,78,31),(346,22,38),(347,38,67),(348,44,24),(349,55,9),(350,96,77),(351,75,3),(352,20,90),(353,65,100),(354,9,61),(355,9,97),(356,92,97),(357,85,54),(358,2,48),(359,25,44),(360,82,2),(361,75,4),(362,40,13),(363,71,83),(364,36,25),(365,92,32),(366,1,66),(367,34,21),(368,56,99),(369,20,64),(370,60,28),(371,60,51),(372,25,45),(373,5,26),(374,93,29),(375,70,74),(376,30,44),(377,78,69),(378,57,48),(379,52,92),(380,73,43),(381,24,73),(382,8,58),(383,94,64),(384,56,13),(385,27,15),(386,41,87),(387,65,65),(388,31,69),(389,90,24),(390,98,60),(391,97,27),(392,3,75),(393,96,60),(394,22,48),(395,51,94),(396,90,74),(397,67,98),(398,31,60),(399,61,87),(400,73,88),(401,1,13),(402,74,66),(403,78,5),(404,34,68),(405,28,31),(406,27,25),(407,58,30),(408,99,54),(409,89,20),(410,2,40),(411,14,91),(412,14,81),(413,89,45),(414,40,50),(415,31,13),(416,37,31),(417,25,11),(418,96,2),(419,15,30),(420,69,42),(421,61,95),(422,66,19),(423,25,65),(424,73,13),(425,85,74),(426,52,98),(427,65,65),(428,78,53),(429,9,18),(430,3,39),(431,30,40),(432,70,54),(433,50,66),(434,56,65),(435,95,25),(436,7,56),(437,20,73),(438,74,44),(439,37,46),(440,56,21),(441,19,8),(442,19,83),(443,73,96),(444,36,82),(445,13,39),(446,21,43),(447,78,90),(448,97,28),(449,55,52),(450,93,50),(451,76,99),(452,5,96),(453,71,79),(454,39,8),(455,24,95),(456,29,42),(457,2,47),(458,25,74),(459,42,61),(460,55,55),(461,99,75),(462,98,76),(463,65,94),(464,4,20),(465,45,96),(466,70,21),(467,94,74),(468,16,65),(469,52,55),(470,73,76),(471,49,1),(472,18,51),(473,47,42),(474,25,89),(475,2,79),(476,43,1),(477,54,40),(478,76,19),(479,34,79),(480,39,78),(481,75,8),(482,99,68),(483,82,15),(484,33,34),(485,69,5),(486,9,18),(487,5,26),(488,68,51),(489,68,92),(490,39,70),(491,71,82),(492,70,25),(493,22,46),(494,43,55),(495,25,81),(496,33,99),(497,89,32),(498,66,70),(499,47,99),(500,3,16),(501,3,11),(502,33,8),(503,37,1),(504,59,5),(505,92,97),(506,75,63),(507,79,44),(508,87,1),(509,90,30),(510,55,14),(511,11,88),(512,12,99),(513,20,78),(514,68,66),(515,76,71),(516,81,79),(517,82,13),(518,86,18),(519,14,44),(520,23,5),(521,41,97),(522,67,20),(523,41,53),(524,20,30),(525,83,75),(526,43,93),(527,63,54),(528,92,82),(529,32,59),(530,47,7),(531,30,27),(532,86,11),(533,40,71),(534,29,53),(535,15,51),(536,58,56),(537,47,25),(538,75,87),(539,77,95),(540,17,60),(541,69,59),(542,52,31),(543,13,43),(544,12,44),(545,2,59),(546,51,31),(547,86,36),(548,42,26),(549,7,70),(550,79,22),(551,20,36),(552,77,67),(553,60,52),(554,54,37),(555,46,70),(556,96,15),(557,29,48),(558,45,41),(559,91,57),(560,85,92),(561,16,35),(562,23,1),(563,71,64),(564,26,78),(565,33,4),(566,99,53),(567,40,76),(568,20,99),(569,27,74),(570,36,73),(571,44,31),(572,87,72),(573,79,32),(574,13,69),(575,89,98),(576,61,4),(577,32,83),(578,4,3),(579,47,30),(580,80,80),(581,34,79),(582,33,73),(583,55,52),(584,72,81),(585,26,7),(586,54,69),(587,38,40),(588,41,16),(589,72,54),(590,85,60),(591,51,45),(592,63,83),(593,28,67),(594,85,74),(595,97,65),(596,53,30),(597,44,86),(598,3,98),(599,37,74),(600,79,62),(601,81,32),(602,31,18),(603,72,72),(604,34,43),(605,25,18),(606,2,75),(607,63,65),(608,58,90),(609,31,43),(610,64,27),(611,7,17),(612,56,50),(613,2,59),(614,47,38),(615,32,25),(616,100,12),(617,57,31),(618,30,28),(619,2,64),(620,70,27),(621,81,72),(622,2,44),(623,36,59),(624,33,66),(625,1,96),(626,93,8),(627,13,49),(628,58,14),(629,7,4),(630,52,39),(631,29,52),(632,51,86),(633,82,80),(634,13,84),(635,44,83),(636,10,24),(637,55,12),(638,67,90),(639,70,100),(640,56,71),(641,96,48),(642,78,8),(643,97,35),(644,21,3),(645,39,73),(646,41,68),(647,24,92),(648,53,6),(649,71,66),(650,89,14),(651,49,99),(652,38,3),(653,10,5),(654,93,80),(655,5,49),(656,50,100),(657,97,28),(658,7,93),(659,62,28),(660,96,1),(661,100,36),(662,69,24),(663,27,21),(664,29,98),(665,87,17),(666,12,36),(667,16,50),(668,38,25),(669,55,31),(670,4,59),(671,79,54),(672,59,75),(673,81,66),(674,68,43),(675,93,63),(676,43,93),(677,99,11),(678,16,26),(679,32,44),(680,24,19),(681,61,35),(682,54,76),(683,85,92),(684,1,39),(685,22,4),(686,98,1),(687,58,56),(688,76,38),(689,21,43),(690,81,14),(691,5,23),(692,6,3),(693,34,22),(694,28,66),(695,65,51),(696,84,25),(697,86,38),(698,1,71),(699,29,1),(700,9,51),(701,5,7),(702,52,62),(703,62,27),(704,100,82),(705,69,80),(706,96,74),(707,3,1),(708,76,37),(709,22,4),(710,2,87),(711,55,86),(712,12,40),(713,23,12),(714,10,52),(715,12,19),(716,2,16),(717,25,54),(718,78,87),(719,80,77),(720,69,49),(721,57,64),(722,22,59),(723,64,98),(724,95,86),(725,1,97),(726,72,56),(727,82,83),(728,96,5),(729,95,5),(730,56,6),(731,24,58),(732,22,49),(733,11,100),(734,35,90),(735,77,4),(736,38,33),(737,67,60),(738,92,31),(739,57,87),(740,16,58),(741,83,88),(742,13,65),(743,71,8),(744,69,65),(745,13,24),(746,71,37),(747,81,93),(748,86,91),(749,93,20),(750,81,69),(751,24,19),(752,2,90),(753,78,94),(754,20,35),(755,80,36),(756,92,63),(757,23,5),(758,27,94),(759,13,95),(760,58,26),(761,19,29),(762,63,100),(763,22,48),(764,90,14),(765,68,71),(766,83,91),(767,89,84),(768,80,67),(769,78,100),(770,1,57),(771,35,93),(772,20,58),(773,98,46),(774,51,10),(775,41,9),(776,36,60),(777,38,98),(778,59,59),(779,45,49),(780,72,12),(781,19,55),(782,2,8),(783,39,82),(784,74,16),(785,81,75),(786,73,16),(787,67,92),(788,73,64),(789,38,24),(790,74,79),(791,32,10),(792,38,69),(793,7,96),(794,28,52),(795,45,100),(796,63,63),(797,54,65),(798,70,92),(799,47,44),(800,8,28),(801,18,80),(802,43,85),(803,72,16),(804,49,10),(805,40,22),(806,89,72),(807,31,27),(808,40,38),(809,23,68),(810,89,67),(811,67,52),(812,29,21),(813,16,99),(814,13,63),(815,42,20),(816,90,59),(817,100,33),(818,43,72),(819,49,91),(820,81,88),(821,13,69),(822,59,44),(823,96,99),(824,81,18),(825,66,70),(826,84,33),(827,21,12),(828,53,37),(829,10,65),(830,99,51),(831,85,89),(832,10,84),(833,22,53),(834,55,70),(835,44,35),(836,57,56),(837,4,16),(838,100,99),(839,15,81),(840,17,81),(841,50,100),(842,13,70),(843,11,66),(844,7,21),(845,30,5),(846,72,15),(847,94,81),(848,98,15),(849,34,52),(850,84,77),(851,87,41),(852,33,91),(853,57,32),(854,90,71),(855,12,6),(856,51,61),(857,5,64),(858,31,16),(859,29,37),(860,36,59),(861,42,7),(862,73,35),(863,88,70),(864,50,21),(865,22,34),(866,98,9),(867,74,30),(868,99,31),(869,62,89),(870,1,73),(871,94,52),(872,34,99),(873,15,65),(874,14,44),(875,1,50),(876,2,43),(877,57,75),(878,78,44),(879,44,27),(880,65,66),(881,60,63),(882,74,34),(883,92,73),(884,64,53),(885,61,65),(886,26,55),(887,16,59),(888,54,31),(889,23,68),(890,74,24),(891,17,75),(892,66,73),(893,49,44),(894,17,93),(895,70,82),(896,58,29),(897,44,32),(898,63,36),(899,4,26),(900,89,65),(901,90,14),(902,19,6),(903,73,73),(904,36,96),(905,40,9),(906,19,56),(907,84,85),(908,29,32),(909,28,46),(910,25,98),(911,28,83),(912,26,71),(913,14,89),(914,6,18),(915,14,94),(916,82,4),(917,8,1),(918,9,80),(919,73,44),(920,75,12),(921,53,94),(922,68,36),(923,79,97),(924,68,6),(925,42,92),(926,4,69),(927,74,30),(928,40,87),(929,18,46),(930,5,31),(931,40,86),(932,34,47),(933,86,43),(934,27,59),(935,87,2),(936,70,39),(937,95,38),(938,74,73),(939,34,41),(940,79,75),(941,33,82),(942,44,6),(943,11,83),(944,93,29),(945,28,97),(946,59,68),(947,83,93),(948,14,69),(949,36,40),(950,27,22),(951,41,97),(952,61,36),(953,34,34),(954,9,67),(955,75,88),(956,42,8),(957,70,85),(958,13,80),(959,68,6),(960,9,96),(961,2,67),(962,63,85),(963,60,77),(964,53,95),(965,16,80),(966,17,57),(967,76,77),(968,93,9),(969,11,1),(970,75,86),(971,88,17),(972,93,57),(973,1,6),(974,37,69),(975,11,45),(976,64,13),(977,12,27),(978,97,72),(979,3,50),(980,67,18),(981,29,83),(982,75,4),(983,60,68),(984,12,70),(985,68,87),(986,55,56),(987,3,48),(988,13,4),(989,53,49),(990,72,63),(991,94,36),(992,76,6),(993,62,72),(994,77,64),(995,22,43),(996,82,50),(997,26,56),(998,53,85),(999,23,65),(1000,55,91);
/*!40000 ALTER TABLE `photos` ENABLE KEYS */;
UNLOCK TABLES;

--
-- Table structure for table `profiles`
--

DROP TABLE IF EXISTS `profiles`;
/*!40101 SET @saved_cs_client     = @@character_set_client */;
/*!40101 SET character_set_client = utf8 */;
CREATE TABLE `profiles` (
  `user_id` bigint(20) unsigned NOT NULL,
  `gender` char(1) COLLATE utf8mb4_unicode_ci DEFAULT NULL,
  `birthday` date DEFAULT NULL,
  `photo_id` bigint(20) unsigned DEFAULT NULL,
  `created_at` datetime DEFAULT current_timestamp(),
  `hometown` varchar(100) COLLATE utf8mb4_unicode_ci DEFAULT NULL,
  UNIQUE KEY `user_id` (`user_id`),
  CONSTRAINT `fk_user_id` FOREIGN KEY (`user_id`) REFERENCES `users` (`id`) ON DELETE NO ACTION ON UPDATE CASCADE
) ENGINE=InnoDB DEFAULT CHARSET=utf8mb4 COLLATE=utf8mb4_unicode_ci;
/*!40101 SET character_set_client = @saved_cs_client */;

--
-- Dumping data for table `profiles`
--

LOCK TABLES `profiles` WRITE;
/*!40000 ALTER TABLE `profiles` DISABLE KEYS */;
INSERT INTO `profiles` VALUES (1,'F','1996-02-28',1,'1996-05-10 13:47:41','Stoltenbergborough'),(2,'M','1988-05-15',2,'1979-12-20 19:12:39','Aishaburgh'),(3,'M','2012-01-22',3,'2007-09-04 00:28:31',''),(4,'F','1980-07-16',4,'1979-06-15 00:46:35','North Sarai'),(5,'F','2008-05-18',5,'1986-06-14 12:39:13','Herzogville'),(6,'M','1971-03-01',6,'1986-01-22 21:29:54','East Astrid'),(7,'F','2006-07-06',7,'2003-04-03 07:22:26',''),(8,'M','2018-01-08',8,'2010-11-02 17:26:02',''),(9,'M','1999-08-10',9,'1988-04-08 15:39:48','Noblestad'),(10,'M','1996-11-23',10,'2007-02-22 01:53:29',''),(11,'F','2012-06-14',11,'2007-09-30 15:41:00','West Susannafort'),(12,'F','2007-01-11',12,'2015-12-18 08:25:54',''),(13,'M','2000-08-28',13,'1985-07-02 10:40:45',''),(14,'F','1998-01-27',14,'1981-08-11 18:11:53','Emmerichside'),(15,'M','2018-02-27',15,'2010-02-01 14:59:11',''),(16,'F','1971-09-16',16,'1976-05-29 16:09:44','Lake Maximillia'),(17,'F','2011-12-03',17,'1994-05-19 03:52:16','North Daniellamouth'),(18,'F','1993-11-27',18,'2005-07-28 08:50:16',''),(19,'M','1977-05-19',19,'1990-07-14 13:37:23','Parisborough'),(20,'M','1992-12-31',20,'2001-01-06 13:52:25','Lueilwitzview'),(21,'M','1993-10-01',21,'1971-03-14 02:09:34',''),(22,'F','1984-07-03',22,'1974-01-28 16:21:46','New Vincenza'),(23,'F','2010-06-27',23,'2007-05-08 23:50:50',''),(24,'M','2020-08-19',24,'1974-10-08 12:11:16','Ryleyton'),(25,'M','2010-09-23',25,'1998-03-21 22:24:15',''),(26,'M','1981-12-23',26,'2019-12-27 15:58:26',''),(27,'F','1996-12-31',27,'1986-09-01 02:58:23','Amiraville'),(28,'F','2002-09-05',28,'2008-05-14 18:04:17',''),(29,'F','2003-11-03',29,'1998-07-23 13:41:47',''),(30,'F','1984-11-02',30,'2019-12-02 10:12:43','Kshlerinchester'),(31,'F','2004-06-12',31,'1993-09-11 23:23:42','East Macshire'),(32,'F','1998-03-26',32,'1991-10-09 03:43:40',''),(33,'M','1970-08-24',33,'1982-08-24 16:50:16',''),(34,'F','2019-04-16',34,'2018-11-30 06:41:47','New Talonfort'),(35,'F','1976-05-08',35,'2008-10-31 08:01:28',''),(36,'M','1971-05-02',36,'2006-08-13 16:32:26','Pouroschester'),(37,'F','2016-06-10',37,'1985-05-31 03:16:23',''),(38,'F','2002-06-22',38,'1988-07-23 22:30:54',''),(39,'F','1999-12-12',39,'1988-03-25 13:52:55','Sawaynside'),(40,'F','1975-08-09',40,'2002-01-21 16:34:46','East Dolores'),(41,'F','2004-04-21',41,'2008-11-19 08:12:52',''),(42,'M','2010-07-01',42,'1998-10-11 08:27:30','East Blancheborough'),(43,'F','1989-12-30',43,'2016-04-23 02:15:51','South Judyborough'),(44,'F','1985-06-08',44,'2015-08-16 01:56:42',''),(45,'M','1977-08-23',45,'1976-02-11 03:24:58','Javonteberg'),(46,'M','2018-11-12',46,'2017-07-18 06:14:16',''),(47,'M','1997-02-06',47,'1981-10-04 20:47:06','Port Mathewstad'),(48,'M','1990-12-19',48,'2000-03-28 09:46:54','Antoniettabury'),(49,'F','1974-02-09',49,'1998-04-10 15:01:57','Hoppeland'),(50,'M','2013-05-31',50,'1994-11-26 23:13:58','Jacobsberg'),(51,'F','1985-12-25',51,'1986-12-26 15:22:54','Madiebury'),(52,'F','1972-08-02',52,'1974-01-24 06:41:34','Janberg'),(53,'M','1985-06-18',53,'1983-07-10 13:28:36',''),(54,'F','2008-06-29',54,'2020-03-05 11:57:42','Oraville'),(55,'F','1983-11-07',55,'2012-01-31 12:18:05',''),(56,'F','1988-05-23',56,'1972-09-25 14:11:26','Lake Estel'),(57,'F','1979-10-16',57,'1996-11-05 13:30:07',''),(58,'F','2015-10-14',58,'1972-02-15 00:57:11','Korbinview'),(59,'F','1988-07-09',59,'1980-09-05 18:51:05','Port Elvieside'),(60,'M','2019-05-10',60,'2012-08-08 18:00:44',''),(61,'F','1983-01-08',61,'1973-04-15 21:05:12',''),(62,'F','1976-04-21',62,'2018-03-30 02:26:49','North Coby'),(63,'M','1973-01-31',63,'2018-10-31 06:03:06',''),(64,'F','1991-08-26',64,'1980-08-26 05:31:24','North Clayfort'),(65,'F','2019-08-31',65,'1971-03-17 00:02:13',''),(66,'F','1986-07-08',66,'2020-06-30 14:14:32','West Albertview'),(67,'F','2003-07-30',67,'2016-09-16 13:01:08',''),(68,'F','2009-03-19',68,'1985-02-15 01:24:25','Zemlakside'),(69,'M','2012-11-07',69,'1978-08-17 18:17:25',''),(70,'F','2005-06-23',70,'1986-11-26 01:31:22',''),(71,'F','2000-04-26',71,'1985-11-08 13:36:37',''),(72,'F','1976-01-16',72,'2002-09-10 19:03:47',''),(73,'F','2006-08-06',73,'1980-10-02 01:02:41',''),(74,'M','1997-08-31',74,'1984-10-05 16:49:22',''),(75,'F','1973-07-03',75,'1998-12-26 20:20:29',''),(76,'F','1998-10-10',76,'1980-09-07 06:58:34','Soniafort'),(77,'M','1978-08-20',77,'2017-03-23 01:47:34',''),(78,'M','1996-09-26',78,'2009-05-21 03:55:24',''),(79,'M','2003-03-26',79,'2015-04-04 02:42:18',''),(80,'F','1998-10-23',80,'1993-11-16 12:29:53','Mannville'),(81,'F','1976-06-19',81,'1984-10-26 10:52:10','Lednerview'),(82,'M','1978-01-17',82,'2016-03-25 03:21:41','Vanton'),(83,'F','1991-02-01',83,'1989-01-30 05:48:39',''),(84,'M','1977-06-13',84,'2010-06-18 17:05:53','South Citlalli'),(85,'M','2002-03-17',85,'2001-07-29 14:48:31',''),(86,'M','1994-09-16',86,'1975-03-01 01:01:52','South Rosetta'),(87,'F','1997-06-06',87,'1976-05-25 12:30:53',''),(88,'M','1980-07-01',88,'2003-04-03 22:48:10','Hahnhaven'),(89,'F','1995-05-14',89,'1975-04-05 09:13:23','Lake Elseport'),(90,'F','2004-05-21',90,'1999-08-23 16:01:09',''),(91,'M','1995-05-03',91,'1994-08-28 21:05:26','Port Camylle'),(92,'M','1988-03-16',92,'1985-07-21 10:27:06',''),(93,'M','2004-06-03',93,'1999-11-01 09:44:35',''),(94,'F','2002-06-04',94,'2012-03-07 11:04:35',''),(95,'M','2005-05-19',95,'1978-09-12 18:56:52',''),(96,'F','1975-01-05',96,'1971-08-17 11:54:14',''),(97,'M','1991-07-16',97,'2010-07-22 14:53:36','Volkmanchester'),(98,'M','1990-01-11',98,'1983-12-29 06:09:20',''),(99,'F','1981-03-02',99,'1971-02-17 02:59:04','West Gladyce'),(100,'M','2018-10-17',100,'1987-02-23 15:37:56','');
/*!40000 ALTER TABLE `profiles` ENABLE KEYS */;
UNLOCK TABLES;

--
-- Table structure for table `users`
--

DROP TABLE IF EXISTS `users`;
/*!40101 SET @saved_cs_client     = @@character_set_client */;
/*!40101 SET character_set_client = utf8 */;
CREATE TABLE `users` (
  `id` bigint(20) unsigned NOT NULL AUTO_INCREMENT,
  `firstname` varchar(50) COLLATE utf8mb4_unicode_ci DEFAULT NULL,
  `lastname` varchar(50) COLLATE utf8mb4_unicode_ci DEFAULT NULL COMMENT 'Фамиль',
  `email` varchar(120) COLLATE utf8mb4_unicode_ci DEFAULT NULL,
  `password_hash` varchar(100) COLLATE utf8mb4_unicode_ci DEFAULT NULL,
  `phone` bigint(20) unsigned DEFAULT NULL,
  PRIMARY KEY (`id`),
  UNIQUE KEY `email` (`email`),
  UNIQUE KEY `phone` (`phone`),
  KEY `users_firstname_lastname_idx` (`firstname`,`lastname`)
) ENGINE=InnoDB AUTO_INCREMENT=101 DEFAULT CHARSET=utf8mb4 COLLATE=utf8mb4_unicode_ci COMMENT='юзеры';
/*!40101 SET character_set_client = @saved_cs_client */;

--
-- Dumping data for table `users`
--

LOCK TABLES `users` WRITE;
/*!40000 ALTER TABLE `users` DISABLE KEYS */;
INSERT INTO `users` VALUES (1,'Haleigh','Bogan','simonis.howard@example.net','244ff3e1d9c9213653579b028621ef34aa0edc82',89712130045),(2,'Maritza','Bednar','pouros.bobbie@example.org','551d970c7b806280d3e6a06334d4e043d718cc0f',89302360944),(3,'Katarina','Miller','lempi.grady@example.net','611ab16ab3cde62a2ebbaacdbbe3a8c32eec4875',89345997910),(4,'Brayan','Lebsack','mariam.hauck@example.com','cc4600141be3a935d403c6da7e7328404ea9dc5e',89570943935),(5,'Larry','Vandervort','vesta.kunze@example.net','495cc253c3a0baff24c75f6055524baa7099b39f',89587627119),(6,'Mike','Schuppe','gleason.jorge@example.com','8b4719b086219e2f5ef565e0e85ad80a7bd246b6',89306416684),(7,'Nasir','Legros','phoppe@example.net','6778b3ffbc71712abd207c66abc9a34de3a03728',89078330276),(8,'Berenice','Simonis','darrin36@example.net','485fc78fd1dba91ebb9f4bc6fe3aa2e83892bba7',89208184943),(9,'Andreanne','Waters','antwan.hettinger@example.org','c63d597fb5199f52599a41ac6107d60509ffed72',89068600821),(10,'Gladys','Legros','keven23@example.com','929692d774fd952a4007b12a94c7549f909aecd0',89167974571),(11,'Raven','Swaniawski','arlene49@example.org','9cbea679ce2beb27843ef129638c0bdf83791e03',89244775741),(12,'Elissa','Treutel','frances36@example.net','4339128c485c1f6bf1c463eed80b10af123ec05c',89843812209),(13,'Colt','Hilpert','anderson.oral@example.com','104d074dca6dbb80abdf8cedc8d2c779ac478fd8',89127660737),(14,'Cornelius','Homenick','mante.lonzo@example.org','6833065e666e1f21d078756b2de6a7ff834a4979',89073851984),(15,'Owen','Conn','orunolfsdottir@example.org','170357c1b658139db0d0cf0fba5c6282eb23e451',89265705394),(16,'Hillard','Muller','lbergstrom@example.net','cccc792d9ed8967f91308d4ad6a40f89d12d3a64',89954878727),(17,'Christina','Bayer','ypfannerstill@example.com','1f9606251c1bd5d347e41ea5452e7d46a1b47092',89338278809),(18,'Kasandra','Bradtke','laila.stokes@example.com','2e1e2194551c87bc031599094f9fa374b8915b11',89049709539),(19,'Mandy','Bernier','marquis72@example.com','f916dba1e361b84225b28246c2a32c6102681026',89010772726),(20,'Bernice','Gerhold','roger10@example.org','be0a536ab0eb26db6fd66c16c95c20c0fb640ebd',89990305595),(21,'Cara','Sanford','hschiller@example.net','2ec9fff5297ed99e820bdbedf611cf8c84d4cc2b',89503917330),(22,'Uriel','Boyer','aritchie@example.org','c05338e7452972d58d71e47dd8b727c5261457fa',89712904641),(23,'Keith','Conroy','wschumm@example.org','24ec12a1f6551115bc6545fcbe3b4e1055b6e6b2',89369050658),(24,'Rachelle','Gleason','cruz.mclaughlin@example.org','790a70510d14329542afc8bb1612bdca94acb57a',89570374206),(25,'Herman','Murazik','alayna.kirlin@example.net','2b573f6bb7b9d09da22f454044e1503b8325598c',89650139987),(26,'Oliver','Dicki','maeve.schmeler@example.com','8919f2cefa916f3493337f2d9807263edaff2920',89163183306),(27,'Kurt','Lowe','fchristiansen@example.com','e5e17ffdae935e72efd22879aaec1c99f5b30675',89284123327),(28,'Hosea','Dooley','retha98@example.org','25c8046a7c60bde2e0ded12cd0416227c5753d33',89498915807),(29,'Hilton','Hand','vivianne64@example.org','feb72e44a10f876bc9704a47b100ba850191062b',89212664134),(30,'Terrance','Muller','elton.bauch@example.org','271c94cbb5032f435ce830764ecd938049319411',89584826030),(31,'Alexander','Deckow','adaline.stark@example.org','03351c539d8a84fe90f6c2de7e945db981019d3f',89133696392),(32,'Pattie','Schumm','tianna66@example.net','470a85cce9f6c70d27cd978d8c97b435e36542d3',89918526313),(33,'Carissa','Hilll','gladys.hermann@example.com','c7e39f49ff691b755f12c941df5a419e9f244fe3',89762746568),(34,'Gracie','Morar','pearline56@example.com','a0af37d39ee955d8f56b9319e986da837a3975e0',89651612667),(35,'Monroe','Roob','hspinka@example.net','fca25ec79d82336608fdf0e86a8bb7afde910d58',89297127463),(36,'Jordi','Treutel','bconroy@example.org','26c1d31840d544b9f9203b0b664d17b4b8ae2933',89542773924),(37,'Dejah','Bernier','hmonahan@example.com','d47b6a87395c6cb67b38c17b5de55b10033ce884',89963706794),(38,'Jarred','Blanda','cole.schuppe@example.com','d375f066c5a913b4661026cc95cdd0309bda560b',89580406261),(39,'Robyn','Jenkins','garrick.carter@example.org','1928a15654972214012f6dff4bdc5a90ab0dbca4',89281085885),(40,'Blaise','Corwin','white.thalia@example.org','46f0634cc1845ef822dbdc4a5f7e611f025db6d7',89574873670),(41,'Itzel','Beatty','estroman@example.net','51e52db73cd19609088e18a19b8a6e1a235ac308',89553422729),(42,'Amani','Runolfsdottir','yundt.heaven@example.org','5e736d5f133ade9a34faaef744764d666b540ff5',89669210330),(43,'Hildegard','Lubowitz','letha.pfeffer@example.net','5b44cfa535a85939313f19e3f8a0e08d80bf3a97',89460612091),(44,'Abel','Murray','seffertz@example.com','99dcb8e1e428e6c80f4834e29fc7bdc0d40717d3',89409228184),(45,'Charles','Quigley','dmoen@example.org','d69db17d247a03ce48e93c4302f5ebd3e78ed472',89062823681),(46,'Howard','Rogahn','nicola05@example.net','656cc25ac161f64ad29d4bf87db7c7f3e27c2f40',89800991741),(47,'Rae','Waelchi','rwindler@example.com','87451774e804e1b41d5dde6a1ac8c0b3d7a11084',89493282218),(48,'Marlen','Koss','denesik.hanna@example.com','e5fa60039f19ac4a9ec62ebc5d67ee45d82b9dbc',89292973474),(49,'Shanie','McGlynn','albert99@example.com','19a7da7a6377ec05368d76a47b3e2a41cc1db9c1',89202274479),(50,'Lempi','Connelly','trenton.langosh@example.com','35cf10511593828e3304caacfd7b83e114ef55a5',89701124540),(51,'Nash','Schinner','lemke.camylle@example.com','47786cbbf1d5295f54146582a36bde1917a615a2',89626556390),(52,'Donna','Brekke','rodrigo.considine@example.net','6cd984c772f9a0c1db1b90552a038e3b42012ff0',89217868647),(53,'Mathilde','Olson','kris.mitchel@example.net','d36fcc2ca662a74cc11a3c8532d6229a1fa49180',89803097934),(54,'Alexandra','Zboncak','vborer@example.net','723111fe0eb31dd0fc654a3c258a1d18f92f012c',89632811096),(55,'Kellen','Price','sunny12@example.com','3b375d31a071f86ab2cc48b421ade828942c58e5',89243566503),(56,'Rylee','Spencer','maybell.rosenbaum@example.net','f4c60017beb09adaa6d65b0854ed43595220b1da',89771900821),(57,'Kellie','Koch','hswift@example.org','985f04b633b1a77bfcb86ebde860f15f3b74c007',89562254232),(58,'Gabrielle','Hammes','ilangosh@example.org','5aaa29e7de00b7ad7804392f3e220c43ac336742',89146114574),(59,'Jasper','Schuster','rodger60@example.com','0ddb28eecc2e89f6d8d146aee89571576c08b4b3',89619717228),(60,'Vergie','Hoppe','mcglynn.shana@example.net','b3c207ab33f77440b98bc93fc56459778662a814',89979379727),(61,'Maryjane','Auer','gfeest@example.org','13086a6321debd6510cc04b151f20773f95d5bc6',89437845846),(62,'Kathleen','Rempel','blanca29@example.org','1e94bc09ab97849229dde99c9a0ebdcf415dea14',89600547404),(63,'Geraldine','Leannon','gconroy@example.net','a442836ca95807c3199cd6234ddc6e40c6067b31',89751285831),(64,'Aaliyah','Wolf','alysha68@example.net','da3cb552ae689fa2d78c4b726b07ceb427c4c264',89914479255),(65,'Keyon','Greenfelder','yklein@example.org','8d5474f9d665f9f367e5eb19a5a232cda1bfe6ec',89060687618),(66,'Marilou','Hyatt','nellie.gaylord@example.org','34b883fa0f21c8862c7d8752dc02fe7e4c3d6c8e',89592205581),(67,'Arlie','Kuhlman','karlee.tremblay@example.com','183460f683a53dc5c6a22e502ba03f8821cd0951',89066673040),(68,'Pat','Beatty','olin.macejkovic@example.com','b572468dd99791ab94454a885887d0662c9f011a',89733789761),(69,'Katelin','Grimes','faustino.tromp@example.org','168a484367f1a0d3c37d4202b205785dd6a45361',89731913681),(70,'Adrianna','Rosenbaum','metz.craig@example.net','c18db74018daa8ad9d59d2c678e5a72fc8c050dd',89485602629),(71,'Bertrand','Flatley','audra24@example.com','4fd40c689b69f06d969bea5a68ddd268e31525cd',89414858346),(72,'Shanelle','Leuschke','sbednar@example.org','d560c76108e64ccf5adce4d433e92d430d326629',89974059484),(73,'Lucy','Goldner','djerde@example.com','896e88307621d52da275ab5b3239539328a49486',89415899895),(74,'Desiree','Bechtelar','rickey45@example.net','c662bf1245dd49acd8f41e63fcef3ea5cf93cc8d',89766276831),(75,'Keira','Leffler','jackie.boyer@example.com','cca85affcf7567c19c187a84fec17abd99e22caf',89160007115),(76,'Elenor','Rolfson','toy.flo@example.net','7c9ca673a59c9f24ecb976744e60582bc45b051c',89858334553),(77,'Mabelle','Smith','harvey.greyson@example.com','c1d90b1b826edf1d6dc864f8032dfe73666043b4',89118882486),(78,'Jaleel','Denesik','leola.heller@example.net','b7773949d019132c49c90e72a2ec47eab0b1800f',89934411789),(79,'Moriah','Kuhn','vernie.mraz@example.com','010d7b876f73d79ebab5a8557febfdab01a51300',89840758332),(80,'Verona','Williamson','electa.senger@example.org','1e6e7be1bb34c86299a90eeb1fd5d719611139bf',89613215880),(81,'Chadrick','Eichmann','gdaniel@example.org','99de5564512b71c8c1dd3e87f4f27280da492851',89824905343),(82,'Meghan','Bins','hagenes.gunnar@example.net','588ab34952d22a26de57ec8804c1c47242fe0bd0',89264217069),(83,'Boyd','Reinger','uweber@example.com','4572be2f34c9da9cc7ae6191af5dc4f9ca4c0988',89983873353),(84,'Katelin','Ward','hirthe.brandi@example.org','e49e9e696de608a90fdeaf90ee38b50bdb75dec7',89828404322),(85,'Shaylee','Rogahn','sammie11@example.net','5f29e1d0a7000c18c7511a62480e4a854702a299',89012177584),(86,'Clinton','Stoltenberg','beier.jerel@example.net','eb3f297f61a174932fc651922faa978885528121',89560859879),(87,'Paula','Abbott','langworth.waino@example.com','c3a862e2873c7084417d7d5e1086a0d6e6cd362d',89345987122),(88,'Dario','Kohler','wkutch@example.com','37908d22946e5d583adb878aebf7a05a50de2280',89292269052),(89,'Anika','Rodriguez','hkulas@example.net','353a89072a7b8aa043e8a214507d440540562228',89294027714),(90,'Dixie','Turner','martin21@example.com','f3c7709f4cc59ccf7064fd93f324de70c5ab3cab',89912390223),(91,'Kelly','Paucek','vroberts@example.com','59f902c8a8f3910e7256b7b35df8f074ba6e2b88',89906489339),(92,'Vena','Cassin','dgleichner@example.org','66c5bda04d8b14800b6248df3665612d296b2930',89331611011),(93,'Florida','Funk','jan42@example.org','c466e7ecb9b40b658f95977312d5133aa90545c5',89431598030),(94,'Clark','McClure','joanie85@example.net','71fe96336d6008d318a67c171ff2770b810f0467',89595485191),(95,'Catherine','Jenkins','elyssa.boyle@example.org','bca86f5c132778b8c1407a59ff67e2b481576534',89047040120),(96,'Myrtle','Bode','vkessler@example.com','a49f35e7389a787358f73b6757562532847432d7',89591110121),(97,'Janick','Emard','kgerlach@example.net','79acc80964e0062f5b26f3316cb7a3ce49634234',89060609486),(98,'Dane','Jast','boehm.vernice@example.org','e93265a63b890b37d43b247209dc6ee67212089c',89423269998),(99,'Anne','Runte','vpollich@example.net','2894225a2704469cb857df1899e2247504ae54d0',89162671493),(100,'Madaline','Murphy','angie.lehner@example.net','46bc489596dc911f5f798df11481393fe6c51257',89566213627);
/*!40000 ALTER TABLE `users` ENABLE KEYS */;
UNLOCK TABLES;

--
-- Table structure for table `users_communities`
--

DROP TABLE IF EXISTS `users_communities`;
/*!40101 SET @saved_cs_client     = @@character_set_client */;
/*!40101 SET character_set_client = utf8 */;
CREATE TABLE `users_communities` (
  `user_id` bigint(20) unsigned NOT NULL,
  `community_id` bigint(20) unsigned NOT NULL,
  PRIMARY KEY (`user_id`,`community_id`),
  KEY `community_id` (`community_id`),
  CONSTRAINT `users_communities_ibfk_1` FOREIGN KEY (`user_id`) REFERENCES `users` (`id`),
  CONSTRAINT `users_communities_ibfk_2` FOREIGN KEY (`community_id`) REFERENCES `communities` (`id`)
) ENGINE=InnoDB DEFAULT CHARSET=utf8mb4 COLLATE=utf8mb4_unicode_ci;
/*!40101 SET character_set_client = @saved_cs_client */;

--
-- Dumping data for table `users_communities`
--

LOCK TABLES `users_communities` WRITE;
/*!40000 ALTER TABLE `users_communities` DISABLE KEYS */;
INSERT INTO `users_communities` VALUES (1,8),(1,57),(1,91),(2,28),(2,66),(2,76),(3,47),(4,21),(4,60),(4,67),(5,14),(5,47),(6,37),(6,88),(7,36),(7,84),(8,26),(8,27),(8,45),(9,13),(9,22),(9,37),(9,48),(9,86),(11,3),(11,41),(11,42),(11,76),(11,91),(12,13),(12,39),(12,50),(12,74),(12,77),(12,98),(13,97),(14,10),(14,22),(14,30),(14,33),(14,66),(15,45),(15,50),(15,71),(15,77),(17,7),(17,12),(17,20),(17,67),(17,93),(18,3),(18,42),(18,64),(19,18),(20,70),(20,71),(20,84),(20,100),(21,4),(22,13),(22,24),(22,60),(22,71),(23,30),(23,47),(23,67),(23,79),(23,82),(24,54),(24,66),(25,12),(25,57),(26,11),(26,17),(26,75),(27,18),(27,26),(27,79),(27,86),(27,96),(28,7),(28,63),(28,100),(29,41),(29,44),(29,82),(30,12),(30,58),(30,64),(31,11),(31,14),(31,22),(31,73),(33,17),(33,54),(34,49),(34,55),(34,58),(35,33),(35,35),(36,7),(36,16),(36,86),(37,62),(37,78),(38,10),(38,24),(38,38),(38,62),(39,22),(40,36),(40,44),(40,52),(40,57),(40,60),(40,73),(41,8),(41,14),(41,54),(42,19),(42,87),(43,14),(43,59),(43,77),(43,100),(44,31),(44,35),(44,36),(44,45),(44,54),(44,55),(44,69),(44,83),(45,79),(45,90),(46,5),(46,53),(46,86),(47,21),(47,75),(49,9),(49,74),(50,3),(50,96),(51,65),(52,17),(52,60),(52,72),(53,28),(53,38),(53,73),(53,88),(54,9),(54,49),(55,43),(55,46),(55,53),(55,59),(56,23),(56,31),(56,33),(56,39),(56,74),(56,78),(57,35),(57,48),(58,1),(58,51),(58,77),(58,85),(58,92),(59,62),(60,25),(61,93),(62,13),(62,33),(62,65),(63,68),(64,31),(64,88),(65,16),(65,83),(65,94),(66,36),(66,54),(66,69),(67,72),(68,25),(68,94),(68,100),(69,4),(69,7),(69,22),(69,56),(69,99),(70,1),(70,27),(70,69),(70,86),(70,91),(71,8),(71,13),(71,16),(71,80),(71,89),(72,48),(72,59),(73,16),(73,34),(74,20),(74,27),(75,43),(76,58),(76,93),(77,69),(77,76),(77,82),(77,100),(78,28),(78,31),(78,63),(78,68),(78,76),(79,22),(79,57),(80,1),(80,18),(80,21),(80,46),(80,62),(80,67),(80,69),(80,72),(80,74),(81,30),(81,52),(81,53),(81,63),(82,14),(82,72),(83,26),(83,51),(83,86),(84,57),(85,67),(85,80),(86,29),(86,63),(86,66),(86,85),(86,95),(87,7),(87,35),(87,46),(88,14),(88,20),(88,43),(88,52),(88,72),(88,74),(88,89),(88,97),(89,15),(89,56),(89,68),(90,7),(90,26),(90,75),(91,43),(91,51),(91,59),(93,3),(93,45),(93,55),(93,94),(94,11),(94,52),(95,49),(96,5),(96,14),(96,20),(96,61),(96,89),(97,6),(97,15),(97,30),(97,49),(97,82),(98,40),(98,42),(98,85),(98,88),(99,1),(99,18),(99,31),(99,35),(99,70),(100,4),(100,31),(100,80);
/*!40000 ALTER TABLE `users_communities` ENABLE KEYS */;
UNLOCK TABLES;
/*!40103 SET TIME_ZONE=@OLD_TIME_ZONE */;

/*!40101 SET SQL_MODE=@OLD_SQL_MODE */;
/*!40014 SET FOREIGN_KEY_CHECKS=@OLD_FOREIGN_KEY_CHECKS */;
/*!40014 SET UNIQUE_CHECKS=@OLD_UNIQUE_CHECKS */;
/*!40101 SET CHARACTER_SET_CLIENT=@OLD_CHARACTER_SET_CLIENT */;
/*!40101 SET CHARACTER_SET_RESULTS=@OLD_CHARACTER_SET_RESULTS */;
/*!40101 SET COLLATION_CONNECTION=@OLD_COLLATION_CONNECTION */;
/*!40111 SET SQL_NOTES=@OLD_SQL_NOTES */;

-- Dump completed on 2021-03-07 11:12:30


-- ======================
-- ii. Написать скрипт, возвращающий список имен (только firstname) пользователей без повторений в алфавитном порядке

SELECT DISTINCT `firstname` FROM users 
ORDER BY firstname ASC;

-- ======================
-- iii. Написать скрипт, отмечающий несовершеннолетних пользователей как неактивных (поле is_active = false). Предварительно добавить такое поле в таблицу profiles со значением по умолчанию = true (или 1)

ALTER TABLE profiles
ADD is_active BIT DEFAULT 1;

UPDATE profiles 
SET is_active = 0
WHERE birthday > '20030101';

-- ======================
-- iv. Написать скрипт, удаляющий сообщения «из будущего» (дата больше сегодняшней)

-- Setting few Future messages
UPDATE messages
SET YEAR(created_at) = 2025
WHERE YEAR(created_at) = 2001 
   OR YEAR(created_at) = 2006;

-- Deleting Future messages

DELETE FROM messages
WHERE created-at > NOW();


